address,level,memo,name,ssq,type
北京市石景山区老山路1号 ,,07200013,北京金象大药房医药连锁有限责任公司老山西里金象大药房,石景山区,
北京市朝阳区芳园南里8号楼首层,,05200034,北京鑫康济堂大药房有限公司,朝阳区,
北京市房山区燕山星城紫燕中路5号北侧,,11200007,北京同仁堂连锁药店有限责任公司燕山药店,房山区,
北京市朝阳区西大望路三号院2号楼S-112,,05200046,北京国大药房连锁有限公司蓝堡华贸连锁店,朝阳区,
北京市朝阳区东三环南路102号113室,,05200014,北京同仁堂连锁药店有限责任公司十里河药店,朝阳区,
北京市朝阳区林萃西里43号楼1层01商业4、2层0208,,05200038,北京国大药房连锁有限公司域清街连锁店,朝阳区,
北京市朝阳区甘露园中里1号楼C室,,05200035,北京开心人大药房有限公司青年路店,朝阳区,
北京市朝阳区建华南路17号一层,,05200044,北京国大药房连锁有限公司建华南路连锁店,朝阳区,
北京市朝阳区双桥路8号茂林发友佳综合市场,,05200043,北京德威治医药连锁有限责任公司杨闸大药房,朝阳区,
北京市朝阳区太阳宫夏家园第21号楼3011号,,05200032,北京国大药房连锁有限公司水星园连锁店,朝阳区,
北京市海淀区万丰路18-10号,,08200042,北京金象大药房医药连锁有限责任公司万丰路金象大药房,海淀区,
北京市海淀区交通大学路1号院6-3,,08200046,北京福鸿金象大药房,海淀区,
宣武区珠市口西大街175号,,04200005,北京市德寿堂药店,西城区,
北京市朝阳区安苑路甲17号楼17-1,,05200010,北京百世德大药房有限公司,朝阳区,
北京市海淀区田村山南路9号田村山庄1号楼一层,,08200034,方寸泉香（北京）科技有限公司大药房分店,海淀区,
北京市海淀区清华大学照澜院商业区,,08200031,北京同仁堂连锁药店有限责任公司清华园药店,海淀区,
北京市朝阳区南湖东园501号夏都家园1幢1单元0106号,,05200024,北京德康金象大药房有限公司广顺康药店,朝阳区,
北京市朝阳区关东店8号楼一楼北侧底商,,05200012,北京普安法玛西医药有限公司关东店大药房,朝阳区,
北京市朝阳区北苑家园茉藜园601楼一层2号,,05200039,北京德康金象大药房有限公司,朝阳区,
北京市石景山区古城南路32号,,07200009,北京同仁堂连锁药店有限责任公司古城药店,石景山区,
朝阳区新街大院甲8号,,05200003,北京三九朝阳医药有限公司,朝阳区,
北京市顺义区宏城花园6号楼5单元101号,,22200001,北京市顺义医药药材公司宏城医保全新大药房,顺义区,
北京市海淀区清河力度家园G座1层101、102号,,08200052,北京同仁堂京北企业管理有限公司清河店,海淀区,
北京市顺义区高丽营镇高丽营四村村委会东南500米,,22200005,北京市顺义医药药材公司瑞颐堂医保全新大药房,顺义区,
北京市顺义区石园北区68号楼102号,,22200004,北京市顺义医药药材公司瑞林堂医保全新大药房,顺义区,
北京市朝阳区红庙北里85号楼,,05200042,北京同仁堂连锁药店有限责任公司红庙药店,朝阳区,
北京市海淀区高梁桥路上园村甲4号写字楼1层1号,,08200043,北京金象大药房医药连锁有限责任公司上园金象大药房,海淀区,
北京市朝阳区常营乡鑫兆佳园10幢10-05、10-06号,,05200025,北京同仁堂连锁药店有限责任公司管庄药店,朝阳区,
北京市海淀区志强园8号楼地上一层,,08200057,北京养生堂药店有限公司小西天药店,海淀区,
朝阳区北苑2号院,,05200002,北京福仁堂医药经营部分部,朝阳区,
北京市朝阳区利泽西园122号楼2号,,05200033,北京鑫康济堂大药房有限公司一分店,朝阳区,
北京市海淀区阜成路北九楼1号平房,,08200045,北京阜成金象大药房有限责任公司,海淀区,
北京市海淀区中关村南大街24号6号楼一层,,08200044,北京金象大药房医药连锁有限责任公司魏公村金象大药房,海淀区,
北京市朝阳区左家庄西街12号楼一层,,05200036,北京国大药房连锁有限公司左家庄连锁店,朝阳区,
北京市海淀区羊坊店东路120号3号、4号平房,,08200068,叮当智慧药房（北京）有限公司第二十七店,海淀区,
北京市丰台区角门路14号院15号楼（商业楼）,,06200063,北京天保堂大药房,丰台区,
北京市丰台区科学城邻枫路3号院1号楼底商,,06200060,北京嘉事堂连锁药店有限责任公司怡海康药店,丰台区,
北京市丰台区南苑北里一区11号楼一层,,06200061,北京天罡普仁医药技术开发有限责任公司南苑大药房,丰台区,
北京市北京经济技术开发区贵园东里55号楼301号,,24200015,北京敬仁堂医药连锁有限公司第二分店,大兴区,
北京市丰台区南苑李家庄4号1、2号平房,,06200062,北京金象大药房医药连锁有限责任公司爱康金象大药房,丰台区,
北京市丰台区青塔东里七号院10号楼底商,,06200058,北京世纪本草济世安康大药房有限责任公司,丰台区,
北京市丰台区石榴园南里37号楼商业1B号,,06200044,北京天罡普仁医药技术开发有限责任公司石榴园大药房,丰台区,
北京市房山区长沟镇长沟大街西里2号楼103底商,,11200022,北京乐普护生堂网络科技有限公司第三药店,房山区,
北京市丰台区东高地万源南里29栋旁,,06200043,北京天罡普仁医药技术开发有限责任公司东高地大药房,丰台区,
北京市石景山区十万平（十万平百货商场南侧）,,07200014,北京诚安堂医药有限公司十万平店,石景山区,
北京市朝阳区朝来绿色家园广华居15号楼底商,,05200065,北京百信德康医药有限公司,朝阳区,
北京市朝阳区常营丽景园6号楼-1层-126,,05200009,北京广惠康医药有限公司第十大药房,朝阳区,
北京市通州区于家务回族乡渠头商业街,,23200024,北京盛仁堂医药有限公司第三分店,通州区,
北京市朝阳区来广营乡红军营村53号,,05200059,北京百草安康大药房有限公司,朝阳区,
北京市西城区陶然亭路47号,,02200049,北京国大药房连锁有限公司陶然亭连锁店,西城区,
北京市西城区枣林北里2号楼一层,,02200052,北京国大药房连锁有限公司南线阁连锁店,西城区,
北京市东城区三元西巷甲12号,,01200012,北京国大药房连锁有限公司永定门连锁店,东城区,
北京市西城区羊房胡同43号,,02200053,北京新兴德胜连锁药房有限公司新街口店,西城区,
北京市通州区梨园镇政府大街群芳三园23号楼,,12200004,北京同仁堂连锁药店有限责任公司梨园街药店,通州区,
北京市丰台区草桥东路9号,,06200032,北京金象大药房医药连锁有限责任公司天利金象大药房,丰台区,
北京市朝阳区呼家楼北街乙4号楼一层,,05200100,嘉事堂药业股份有限公司北京呼家楼药店,朝阳区,
通州区玉桥中路43号,,12200002,北京医药通州医药公司第一营业厅,通州区,
昌平区城区镇北环路3号,,14200001,北京昌药医药连锁经营有限公司济仁堂大药房,昌平区,
北京市东城区雍和宫大街84号,,01200033,北京永安堂医药连锁有限责任公司北新药店,东城区,
北京市朝阳区南沙滩(粮店),,05200095,北京德威治医药连锁有限责任公司南沙滩大药房,朝阳区,
北京市朝阳区鼓楼外大街1号楼1层,,05200096,北京高远百康大药房有限公司熊猫环岛分店,朝阳区,
北京市东城区鼓楼东大街73号,,01200043,北京高远百康大药房有限公司鼓楼分店,东城区,
北京市房山区燕山向阳路58号,,11200005,北京正济堂药品连锁超市有限责任公司燕阳城店,房山区,
北京市东城区朝阳门内北小街4号楼5门、6门首层,,01200045,北京永安堂医药连锁有限责任公司朝内北小街药店,东城区,
北京市东城区朝阳门南小街8号楼首层102室,,01200047,北京市康中福大药房有限公司,东城区,
北京市昌平区回龙观镇金榜园小区公建A南侧,,21200018,北京博爱康诚医药有限公司,昌平区,
北京市东城区忠实里南街6号楼2-3单元一层,,01200044,北京高远百康广生堂大药房有限公司忠实里分店,东城区,
北京市昌平区回龙观镇回龙观医院内,,21200036,北京元益堂医药有限公司,昌平区,
北京市大兴区黄村镇京开路102号1幢1层6-8号,,24200016,老百姓大药房（北京）有限公司大兴观音寺店,大兴区,
北京市密云区季庄小区53号楼三段12号,,28200005,北京和谐春天医药有限公司,密云区,
北京市东城区永定门外安乐林路22号天天家园6号楼1层107,,01200023,老百姓大药房（北京）有限公司安乐林店,东城区,
北京市东城区安定门内大街245号,,01200016,北京永安堂医药连锁有限责任公司交道口药店,东城区,
北京市东城区北京站街20号,,01200022,北京永安堂医药连锁有限责任公司北京站药店,东城区,
北京市东城区朝阳门南小街233号,,01200017,北京永安堂医药连锁有限责任公司朝内南小街药店,东城区,
北京市房山区房山南大街26号,,11200004,北京永生堂医药连锁有限公司第二药店,房山区,
北京市东城区王府井大街247号,,01200018,北京永安堂医药连锁有限责任公司百草药店,东城区,
北京市东城区东四北大街434号,,01200019,北京永安堂医药连锁有限责任公司宏仁堂药店,东城区,
北京市东城区东四北大街234号,,01200014,北京永安堂医药连锁有限责任公司八条药店,东城区,
北京市怀柔区南华园一区63号 ,,27200009,北京德威治医药连锁有限责任公司南华园迎宾大药房,怀柔区,
北京市怀柔区庙城镇肖两河村西100米,,27200010,北京德威治医药连锁有限责任公司肖两河大药房,怀柔区,
北京市怀柔区湖光小区33号院梅苑8号楼4号,,27200006,北京好药师大药房连锁有限公司怀柔青春路店,怀柔区,
北京市东城区西革新里甲2号,,01200041,北京六合堂药店,东城区,
北京市朝阳区石佛营东里114号楼一层,,05200011,北京益延堂大药房有限责任公司,朝阳区,
北京市大兴滨河坊16号楼,,24200012,北京市康建堂医药有限公司第五分店,大兴区,
北京市朝阳区延静里12号楼一层,,05200097,北京市康中福大药房有限公司朝阳北路店,朝阳区,
北京市东城区和平里青年沟七区32号楼西侧,,01200048,北京广惠康医药有限公司青年沟大药房,东城区,
北京市西城区珠市口西大街248号,,04200003,北京同仁堂连锁药店有限责任公司虎坊桥药店,西城区,
北京市西城区西单北大街114号,,02200004,北京金象大药房医药连锁有限责任公司西单金象大药房,西城区,
北京市顺义区新顺南大街,,13200002,北京市顺义医药药材公司盈康医保全新大药房,顺义区,
北京市海淀区普惠北里18号,,08200054,北京嘉事堂连锁药店有限责任公司普惠桥药店,海淀区,
北京市顺义区仁和镇胜利小区20号楼六单元101,,13200001,北京市顺义医药药材公司全康医保全新大药房,顺义区,
北京市密云县花园小区一号楼十门,,28200003,北京天赐福康堂药店有限公司,密云区,
北京市朝阳区西大望路27号（2-1）36幢平房,,05200050,北京叮当智慧朝霞大药房有限公司,朝阳区,
北京市朝阳区潘家园南里28号楼一层商业12号B区,,05200006,北京正济堂药品连锁超市有限责任公司潘家园店,朝阳区,
北京市房山区城关北大街9号,,11200011,北京同仁堂连锁药店有限责任公司房山药店,房山区,
北京市海淀区复兴路48号楼一层,,08200055,北京嘉事堂连锁药店有限责任公司玉泉路药店,海淀区,
北京市西城区新街口外大街28号6、7号(德胜园区),,02200037,老百姓大药房（北京）有限公司新街口店,西城区,
北京市北京经济技术开发区天华园一里三区14号楼8号商铺,,31200003,北京源通百姓平安大药房有限公司,经济技术开发区,
北京市西城区莲花河胡同2号院1号楼底商109,,02200042,北京同仁堂连锁药店有限责任公司和庭药店,西城区,
北京市西城区马连道东街17号,,02200043,北京德信行医保全新大药房有限公司红莲店,西城区,
北京市北京经济技术开发区天华园二里二区11号楼A-102室,,31200004,北京源通百姓平安大药房有限公司第一分公司,经济技术开发区,
崇文区崇文门外大街42号,,03200003,北京同仁堂崇文门药店有限责任公司,东城区,
北京市朝阳区朝阳路英家坟村6号6号楼1层东侧,,05200074,北京百姓康利大药房红庙店,朝阳区,
北京市朝阳区十里堡南区6号楼一层,,05200055,北京百姓康利大药房,朝阳区,
北京市朝阳区白家庄东里42号院2号楼一层,,05200027,北京高远百康大药房有限公司白家庄分店,朝阳区,
北京市朝阳区广渠路66号院甲19号楼1层A1,,05200030,北京高远百康大药房有限公司双井分店,朝阳区,
北京市朝阳区延静西里10号楼院166、168号,,05200037,北京高远百康大药房有限公司延静里分店,朝阳区,
北京市朝阳区雅成一里10号楼103室,,05200020,北京高远百康大药房有限公司青年路分店,朝阳区,
北京市朝阳区农光南路20号楼一层,,05200018,北京高远百康大药房有限公司南磨房分店,朝阳区,
北京市通州区新华东街250号,,12200001,北京同仁堂连锁药店有限责任公司通州药店,通州区,
北京市丰台区南三环中路20号,,06200006,北京同仁堂南三环中路药店有限公司,丰台区,
北京市朝阳区东直门外大街20号楼一层北侧商用房,,05200019,北京国宗药店,朝阳区,
北京市丰台区右安门外东头条北侧迦南公寓C座7-8轴,,06200007,仁和药房网（北京）医药科技有限公司第一药房,丰台区,
北京市丰台区小屯路甲6号濠镜大楼一层,,06200008,北京玉泉平安金象大药房有限公司,丰台区,
北京市丰台区方庄芳城园三区19号楼1层8号,,06200002,北京牡丹苑金象大药房,丰台区,
北京市海淀区金沟河路10号院1号楼一层,,08200062,北京国大药房连锁有限公司金沟河连锁店,海淀区,
北京市大兴区黄村镇兴业大街三合南里6号楼底层南侧两间,,24200003,北京天祯堂大药店,大兴区,
北京市西城区车公庄大街2号院1号楼1-3号,,02200089,北京恒创天保堂医药有限公司车公庄店,西城区,
北京市朝阳区星火西路17号楼1-8,,05200041,北京广惠康医药有限公司第十一大药房,朝阳区,
北京市东城区天坛东里中区25楼,,01200039,北京同仁堂连锁药店有限责任公司天坛东侧路药店,东城区,
北京东城区广渠家园24号楼3单元101号,,01200034,北京天润康名敦道中西大药房,东城区,
北京市东城区永定门东街2号,,01200042,北京同仁堂崇文门药店有限责任公司分店,东城区,
北京市朝阳区东大桥路8号SOHO尚都1101号,,05200051,北京京海康佰馨医药有限责任公司第十八分公司,朝阳区,
北京市西城区地安门外大街139号,,02200041,北京金象大药房医药连锁有限责任公司地外金象大药房,西城区,
北京市西城区马连道南街1号院3号楼一层,,02200045,北京好得快医药有限公司第十三大药房,西城区,
北京市顺义区马坡镇佳和宜园2号楼105室,,22200007,北京顺批医药有限公司,顺义区,
北京市西城区三里河路22号,,02200038,北京金象大药房医药连锁有限责任公司展览路金象大药房,西城区,
北京市西城区马连道路80号2号楼底商104号,,02200036,仁和药房网（北京）医药科技有限公司第十六药房,西城区,
北京市昌平区东小口镇天通苑一区1号楼203B312号,,21200012,北京金象大药房医药连锁有限责任公司汤立路金象大药房,昌平区,
北京市西城区阜内大街163号,,02200047,北京德信行医保全新大药房有限公司白塔寺店,西城区,
北京市西城区德胜门内大街245号,,02200044,北京叮当智慧德内大药房有限公司,西城区,
北京市西城区三里河东街9号,,02200050,北京金象大药房医药连锁有限责任公司月坛北街金象大药房,西城区,
北京市朝阳区弘善家园304号楼01层(01)内102号,,05200048,北京五洲全新医药有限公司弘善长春堂药店,朝阳区,
北京市西城区平安里西大街20号,,02200054,北京同仁堂连锁药店有限责任公司平安里药店,西城区,
西城区阜内大街165号,,02200001,北京金象复星医药股份有限公司白塔寺药店,西城区,
北京市通州区车站路36号,,12200003,北京盛仁堂医药有限公司,通州区,
北京市丰台区刘家窑定安西里22号一层,,06200019,北京金卫金象大药房有限责任公司,丰台区,
北京市西城区新街口南大街39号,,02200055,北京同仁堂连锁药店有限责任公司新街口药店,西城区,
北京市通州区通朝大街212号,,23200017,北京同仁堂连锁药店有限责任公司通朝大街药店,通州区,
北京市通州区玉桥北里41号楼,,23200030,北京高远百康大药房有限公司玉桥北里分店,通州区,
北京市丰台区方庄芳群园二区12-1号,,06200025,北京太和保兴大药房有限公司,丰台区,
北京市通州区万盛北街38号,,23200027,北京高远百康大药房有限公司九棵树分店,通州区,
北京市东城区东四北大街480号,,01200007,北京同仁堂参茸有限责任公司,东城区,
北京市大兴区亦庄镇贵园小区商业街12号,,24200014,北京敬仁堂医药连锁有限公司,大兴区,
北京市丰台区大灰厂村464号,,06200028,仁和药房网（北京）医药科技有限公司第二十一药房,丰台区,
北京市东城区安化寺幸福家园17号楼1层01号,,03200007,北京同仁堂连锁药店有限责任公司幸福大街药店,东城区,
北京市石景山区苹果园三区京石塑料厂3号、4号平房,,07200005,嘉事堂药业股份有限公司北京苹果园药店,石景山区,
北京市通州区于家务回族乡于家务村商业街16号,,23200029,北京金禾堂医药有限公司,通州区,
北京市丰台区东大街8号,,06200035,仁和药房网（北京）医药科技有限公司第八药房,丰台区,
怀柔区商业街15号,,27200002,北京怀柔燕北医药有限公司华峰医保全新大药房,怀柔区,
北京市海淀区蓝靛厂居住区（世纪城三期）时雨园甲2号21单元,,08200081,北京嘉事堂连锁药店有限责任公司蓝靛厂药店,海淀区,
北京市石景山区古城南路1号楼1层,,07200003,北京嘉事堂连锁药店有限责任公司古城路药店,石景山区,
北京市石景山区八角北路甲18号楼一层,,07200004,北京嘉事堂连锁药店有限责任公司八角北路药店,石景山区,
北京市昌平区回龙观东大街3号楼02号,,21200007,北京同仁堂京康医药有限公司,昌平区,
朝阳区朝外东大桥路18号,,05200005,嘉事堂药业股份有限公司北京永安里药店,朝阳区,
北京市海淀区恩济庄96号,,08200073,北京嘉事堂连锁药店有限责任公司恩济庄药店,海淀区,
北京市海淀区田村路39号4号楼,,08200076,北京嘉事堂连锁药店有限责任公司半壁店药店,海淀区,
北京市海淀区羊坊店路17号平房,,08200083,北京同仁堂连锁药店有限责任公司西站药店,海淀区,
北京市西城区南线阁街5号一层,,02200092,北京鹤年堂医药有限责任公司广安门药店,西城区,
北京市密云县沿湖小区综合楼一层,,28200002,北京市密云县医药药材公司沿湖扶生药店,密云区,
北京市西城区广安门外大街305号八区15、16、17号楼商业102室,,02200093,北京市汇仁堂荣丰药店有限责任公司,西城区,
北京市海淀区花园路2号翠微大厦一层东侧,,08200050,北京同仁堂连锁药店有限责任公司牡丹园药店,海淀区,
北京市大兴区亦庄镇鹿海园一里20号楼4号商户,,24200013,北京敬仁堂医药连锁有限公司第八分店,大兴区,
密云县鼓楼南大街,,28200001,北京市密云县医药药材公司鼓楼扶生药店,密云区,
北京市海淀区中关村南路21号,,08200058,北京养生堂药店有限公司中关村南路药店,海淀区,
北京市房山区阎村镇大董村路口,,11200003,嘉事堂药业股份有限公司北京阎村药店,房山区,
北京市海淀区罗庄宏嘉丽园第三幢首层08号,,08200069,北京国大药房连锁有限公司宏嘉丽苑连锁店,海淀区,
北京市房山区房山兴房大街6号,,11200002,嘉事堂药业股份有限公司北京兴月平安药店,房山区,
北京市海淀区昆明湖南路11号1号楼一层101号,,08200053,北京嘉事堂连锁药店有限责任公司四季青药店,海淀区,
北京市西城区前门大栅栏24号,,04200001,北京同仁堂商业投资集团有限公司同仁堂药店,西城区,
北京市房山区良乡地区拱辰南大街2号,,11200001,北京永生堂医药连锁有限公司第一药店,房山区,
北京市海淀区西土城路13号北京蓟门文体招待所西侧,,08200056,北京养生堂药店有限公司蓟门桥药店,海淀区,
北京市平谷区平谷镇向阳北街甲3号楼1层2单元,,26200001,北京闵邦韩医药销售有限公司事兴堂店,平谷区,
北京市西城区西绒线胡同6号楼1-104,,02200046,北京国大药房连锁有限公司绒线胡同连锁店,西城区,
北京市西城区白云路西里甲12号楼首层东南,,02200048,北京康仁金象大药房,西城区,
北京市西城区新街口南大街10号,,02200013,北京金象大药房医药连锁有限责任公司新街口金象大药房,西城区,
北京市石景山区鲁谷路八厂宿舍楼底商,,07200007,北京金象大药房医药连锁有限责任公司鲁谷金象大药房,石景山区,
北京市西城区马甸南村2号楼(德胜园区),,02200020,北京金象大药房医药连锁有限责任公司马甸金象大药房,西城区,
北京市石景山区老山东里,,07200002,北京诚安堂医药有限公司,石景山区,
北京市西城区西直门内大街147号楼1层102,,02200005,北京金象大药房医药连锁有限责任公司西直门内金象大药房,西城区,
北京市朝阳区松榆西里11号楼1层,,05200040,北京德信行医保全新大药房有限公司松榆里店,朝阳区,
北京市东城区安德路16号洲际大厦B座1层,,01200006,北京同仁堂连锁药店有限责任公司安德路药店,东城区,
北京市西城区阜外大街37号国侨宾馆15-16-17,,02200039,北京金象大药房医药连锁有限责任公司阜外金象大药房,西城区,
北京市海淀区西二旗中路6号二区15号楼一层底商,,08200049,北京同仁堂京北企业管理有限公司西二旗店,海淀区,
北京市昌平区鼓楼南大街24号,,21200010,北京好得快医药有限公司第十大药房,昌平区,
北京市西城区月坛南街17号,,02200040,北京金象大药房医药连锁有限责任公司月坛南街金象大药房,西城区,
北京市大兴区郁花园一里商业街5号,,24200019,仁和药房网（北京）医药科技有限公司第十九药房,大兴区,
北京市石景山区杨庄东街87-7,,07200001,北京市弘济药店有限公司益德堂分店,石景山区,
北京市东城区东花市北里西区13号楼1层,,01200013,北京医保全新大药房有限责任公司花市店,东城区,
北京市海淀区西翠路5号今日家园7号楼底商东侧,,08200063,北京德信行医保全新大药房有限公司西翠路店,海淀区,
北京市丰台区花乡育芳园22号,,06200038,北京国大药房连锁有限公司育芳园连锁店,丰台区,
东城区和平里西街化工部宿舍14楼,,01200005,北京永安堂医药连锁有限责任公司和平里药店,东城区,
朝阳区西坝河南里21号楼,,05200001,北京嘉事堂连锁药店有限责任公司西坝河南药店,朝阳区,
北京市海淀区北三环西路47号乙1号,,08200097,北京同仁堂四通桥药店有限责任公司,海淀区,
北京市海淀区紫成嘉园17号楼首层1单元101底商,,08200087,北京宏瑞堂大药房,海淀区,
北京市海淀区蓝靛厂金夕园甲1号2段一层西侧第一间,,08200098,北京天天好大药房有限公司远大路药店,海淀区,
北京市海淀区高粱桥路上园村3号,,08200089,北京市佳乐安泰医药有限公司,海淀区,
北京市海淀区西四环北路117号金四季购物中心一、二层北侧,,08200085,北京荣英堂大药房,海淀区,
北京市西城区广安门内大街306号,,04200002,北京同仁堂连锁药店有限责任公司宣武药店,西城区,
北京市海淀区北洼路64号平房,,08200084,北京爱心伟业大药房有限公司一店,海淀区,
北京市海淀区皂君庙14号院1号楼1层105室,,08200099,北京恒创天保堂医药有限公司,海淀区,
北京市海淀区学府树家园3号楼3-5号商铺,,08200094,北京德厚康医药有限责任公司清河大药房,海淀区,
北京市海淀区西北旺镇韩家川村51号平房,,08200075,北京新兴德胜连锁药房有限公司韩家川店,海淀区,
北京市海淀区西直门北大街47号院2号楼一层,,08200093,北京好得快医药有限公司第十七大药房,海淀区,
北京市昌平区回龙观镇文华东路32号1层101,,21200011,北京养生堂药店有限公司文华东路药店,昌平区,
西城区真武庙四条六里,,02200006,北京市宣内药品有限责任公司真武庙金象大药房,西城区,
北京市海淀区西北旺傅家窑桥南平房,,08200095,北京高远百康大药房有限公司西北旺分店,海淀区,
北京市海淀区远大路1号北京燕莎友谊商城有限公司金源店1层,,08200100,北京同仁堂连锁药店有限责任公司世纪城药店,海淀区,
北京市海淀区永定路西里2号楼一层,,08200092,北京嘉事堂连锁药店有限责任公司百朗园药店,海淀区,
北京市朝阳区将台西路19号2号楼108号,,05200079,北京鑫康济堂大药房有限公司将台店,朝阳区,
北京市大兴区魏善庄镇伊庄村民委员会东200米,,24200018,北京市康建堂医药有限公司同心堂大药房,大兴区,
北京市海淀区万柳阳春光华家园11号楼2门103,,08200091,北京嘉事堂连锁药店有限责任公司万柳药店,海淀区,
北京市朝阳区酒仙桥路27号,,05200083,嘉事堂药业股份有限公司北京酒仙桥路药店,朝阳区,
北京市通州区通胡路68号2号楼2-06-1A,,23200019,北京盛仁堂医药有限公司康健绿舟店,通州区,
北京市房山区良乡体育场路6号体育局培训中心1号楼底商3号,,11200008,北京仁德益医药连锁有限公司良乡药店,房山区,
北京市通州区玉桥西里中街2号,,23200041,北京瑞福康医药有限公司柳岸芳园药店,通州区,
北京市房山区拱辰街道梅花庄村5号楼一层,,11200014,北京兴民堂医药有限公司,房山区,
崇文区西花市大街53号,,03200002,北京五洲全新医药有限公司花市南庆仁堂药店,东城区,
北京市通州区艺苑西里3号商业楼5门,,23200034,北京瑞福康医药有限公司,通州区,
北京市大兴区青云店镇大东园38号楼-5,,24200033,北京市华瑞堂大药房,大兴区,
北京市西城区新德街丙29号（德胜园区）,,02200011,北京功德林金象大药房有限责任公司,西城区,
北京市丰台区马家堡西路角门西里29号,,06200026,叮当智慧药房（北京）有限公司,丰台区,
北京市西城区西四北大街3号,,02200010,北京金象大药房医药连锁有限责任公司西四北金象大药房,西城区,
北京市西城区新街口外大街8号一层,,02200009,北京德威治医药连锁有限责任公司北太平庄大药房,西城区,
北京市西城区黄寺大街26号院6号楼一层01023、01024、01025、01026、01027、01028号,,02200008,北京同仁堂连锁药店有限责任公司黄寺药店,西城区,
北京市西城区西直门外南路丁8号,,02200091,北京仁生堂医药有限公司,西城区,
北京市丰台区科学城帝京路1号帝京花园C1座,,06200024,北京叮当智慧怡海大药房,丰台区,
北京市西城区马连道东街甲2号院7号楼102,,02200082,北京晟君堂大药房有限公司,西城区,
北京市西城区报国寺东夹道1号,,02200069,北京润帅堂大药房有限公司,西城区,
西城区复兴门外大街丁5号,,02200002,北京金象复星医药股份有限公司复兴门金象大药房,西城区,
北京市延庆区永宁镇和平街南街18号,,29200004,北京明和堂医药有限公司第九分店,延庆区,
北京市东城区豆瓣胡同5号楼5-1号,,01200010,北京金象大药房医药连锁有限责任公司东兴金象大药房,东城区,
北京市朝阳区十八里店乡老君堂村商业街,,05200088,北京德威治医药连锁有限责任公司老君堂大药房,朝阳区,
北京市大兴区黄村镇兴丰南大街35号,,24200001,北京市兴盛源医药药材有限责任公司保康堂药店,大兴区,
北京市朝阳区十八里店乡吕家营商业街西侧北面平房,,05200089,北京德威治医药连锁有限责任公司吕家营大药房,朝阳区,
北京市西城区平原里小区20号楼1层1-2,,02200079,北京百姓阳光大药房有限公司,西城区,
北京市西城区白纸坊西街22号,,02200077,北京百姓阳光大药房有限公司白纸坊店,西城区,
北京市东城区东四十条28号,,01200036,北京永安堂医药连锁有限责任公司十条药店,东城区,
北京市东城区板厂南里2楼,,01200046,北京嘉润康大药房,东城区,
北京市石景山区八角北里实验小学对面平房9-15,,07200015,北京诚安堂医药有限公司八角北里店,石景山区,
北京市东城区东直门内大街221号,,01200040,北京永安堂医药连锁有限责任公司东直门内药店,东城区,
北京市朝阳区芍药居北里117号楼首层,,05200026,北京国大药房连锁有限公司芍药居北里连锁店,朝阳区,
北京市朝阳区望京西园103号楼二层,,05200015,北京瑞景堂大药房有限公司朝阳分公司,朝阳区,
北京市朝阳区芍药居小区310号楼一层,,05200021,北京高远百康大药房有限公司芍药居分店,朝阳区,
大兴县黄村东大街路北,,24200002,北京市兴盛源医药药材有限责任公司兴益康药店,大兴区,
东城区安定门外大街155号,,01200002,北京永安堂医药连锁有限责任公司安外药店,东城区,
北京市朝阳区南湖中园317号楼1层1单元101,,05200056,北京市康中福大药房有限公司湖光中街店,朝阳区,
北京市东城区新怡家园1号楼底商6号,,01200037,北京惠全堂大药房有限公司,东城区,
北京市西城区月坛南街30号一层,,02200074,北京同仁堂连锁药店有限责任公司三里河万方药店,西城区,
北京市朝阳区十八里店乡吕家营村源景苑配套公建1层106 ,,05200094,北京德威治医药连锁有限责任公司十八里店大药房,朝阳区,
北京市石景山区石景山路24号南楼一层2号,,07200028,北京健益堂大药房有限责任公司,石景山区,
北京市大兴区旧宫镇清欣园小区东大门北侧5号,,24200032,北京仁人同济大药房,大兴区,
北京市朝阳区崔各庄乡何各庄村委会西侧院319号,,05200099,北京德威治医药连锁有限责任公司何各庄大药房,朝阳区,
北京市石景山区金顶街（星石超市内）,,07200023,嘉事堂药业股份有限公司北京金顶街西口药店,石景山区,
北京市大兴区黄村镇西大街26号,,24200036,北京百姓安康大药房,大兴区,
北京市石景山区古城北路（物资局东侧）,,07200021,北京利民惠友堂药店有限公司,石景山区,
北京市石景山区杨庄北区52号楼1层52-9,,07200016,北京市弘济药店有限公司第三分店,石景山区,
北京市石景山区模式口西里商贸楼一层,,07200026,嘉事堂药业股份有限公司北京模式口药店,石景山区,
崇文区天坛东路64号1层,,03200005,北京五洲全新医药有限公司天坛万全堂药店,东城区,
北京市延庆区张山营镇上芦凤营村南（老派出所院内）,,29200017,北京明和堂医药有限公司第十分店,延庆区,
北京市大兴区庞各庄工业区瓜乡路2号,,24200035,北京恒泰祥和医药有限公司,大兴区,
北京市延庆区井庄镇政府南200米,,29200015,北京明和堂医药有限公司第十二分店,延庆区,
北京市平谷区平谷镇文化南街15号院,,26200005,北京福顺安康大药房,平谷区,
北京市昌平区昌平镇宁馨苑15号楼,,21200001,北京昌药医药连锁经营有限公司济弘堂大药房,昌平区,
北京市昌平区昌平镇东关北路北京手表厂院南侧底商1号,,21200008,北京昌药医连锁经营有限公司济善堂大药房,昌平区,
北京市西城区复外大街8号楼,,02200007,北京同仁堂连锁药店有限责任公司长安街药店,西城区,
北京市丰台区刘家窑恒松园小区7号楼一层,,06200036,北京同仁堂连锁药店有限责任公司刘家窑药店,丰台区,
北京市西城区白纸坊西街8号楼,,04200011,北京天天好大药房有限公司,西城区,
北京市丰台区南苑北里二区六号楼,,06200033,北京同仁堂连锁药店有限责任公司三营门药店,丰台区,
北京市丰台区石榴庄西街光彩路66院6号楼03号,,06200034,北京同仁堂连锁药店有限责任公司光彩路药店,丰台区,
北京市昌平区昌平镇西环路南段钰阳商业楼1层C座,,21200009,叮当智慧药房（北京）有限公司第十三店,昌平区,
北京市宣武区广安门内大街6号1-2号,,04200008,北京鹤年堂大药房有限公司,西城区,
北京市昌平区东关昌崔路201-04号,,21200004,北京同仁堂京北企业管理有限公司昌平店,昌平区,
北京市西城区清芷园12号楼101-05、101-12、101-14、101-15,,04200006,北京同仁堂连锁药店有限责任公司里仁街药店,西城区,
北京市西城区广外小马厂西里1号,,04200007,北京白云路金象大药房有限公司,西城区,
北京经济技术开发区天华园二里二区19号楼01层F1A7,,31200001,北京同仁堂连锁药店有限责任公司经济技术开发区药店,经济技术开发区,
北京市昌平区天通苑小区东三区2号楼,,21200002,北京泊远堂金象大药房有限责任公司,昌平区,
北京市西城区宫门口西岔1号,,02200083,北京宝瑞堂医药有限公司白塔寺大药房,西城区,
北京市门头沟区滨河承泽苑2号楼底商1层7-7、7-8、7-9、7-10,,09200002,北京灵泰药店第一分店,门头沟区,
北京市西城区北礼士路56号,,02200076,北京市圣德堂国药中心,西城区,
北京市顺义区后沙峪镇香沁园小区2号楼1层105,,22200012,北京裕民路金象大药房有限公司,顺义区,
北京市顺义区仓上小区38-7#,,22200010,北京永兴康金象大药房有限公司,顺义区,
北京市延庆区延庆镇东外大街99号一层,,29200001,北京延民康医药有限公司十分店,延庆区,
北京市顺义区杨镇二街村横街24号,,22200011,北京市顺义医药药材公司杨镇医保全新大药房,顺义区,
北京市顺义区马坡镇向阳西街北侧,,22200009,北京市顺义医药药材公司瑞丰堂医保全新大药房,顺义区,
北京市顺义区天竺镇南竺园一区乙1号楼04,,22200008,北京祥顺康医疗器械有限公司药店,顺义区,
北京市昌平区阳坊镇西贯市村（商业街西口第10间）,,21200025,北京西贯市金象大药房有限公司,昌平区,
北京市昌平区东小口镇天通东苑一区33号楼6单元102号,,21200024,北京德康金象大药房有限公司天通苑药店,昌平区,
北京市昌平区南口镇南大街214号,,21200031,北京昌药医药连锁经营有限公司树仁草堂大药房,昌平区,
北京市昌平区阳坊镇西贯市村西一巷一号,,21200037,北京广林金象大药房有限公司,昌平区,
北京市昌平区北七家镇宏福苑小区22-1-101号,,21200040,北京昌药医药连锁经营有限公司茂森堂大药房,昌平区,
北京市东城区沙子口路61号,,01200011,北京国大药房连锁有限公司永外连锁店,东城区,
北京市昌平区昌平镇东关商贸楼1至3层5（1-2层）,,14200002,北京昌药医药连锁经营有限公司济民堂大药房,昌平区,
北京市西城区槐柏树街11号楼3号,,02200087,北京高远百康明安堂医药有限责任公司,西城区,
北京市西城区北新华街29号楼一层103,,02200003,北京金象大药房医药连锁有限责任公司和平门金象大药房,西城区,
北京市朝阳区南湖东园101楼南段,,05200007,北京望京金象大药房有限责任公司,朝阳区,
北京市通州区长桥园9号楼,,23200025,北京同仁堂连锁药店有限责任公司长桥园药店,通州区,
北京市朝阳区科学院南里市场楼,,05200008,北京同仁堂连锁药店有限责任公司大屯路药店,朝阳区,
北京市通州区新城南关137号,,23200016,北京同仁堂连锁药店有限责任公司新城药店,通州区,
北京市顺义区仁和镇幸福西区2号楼101,,13200003,北京同仁堂国恩药店有限公司,顺义区,
北京市顺义区裕龙花园四区17号楼03-04号,,13200004,北京市裕龙鑫顺医药有限公司,顺义区,
北京市通州区梨园镇东总屯,,23200021,北京同仁堂连锁药店有限责任公司九棵树药店,通州区,
北京市门头沟区双峪路4号,,09200003,北京达因仁大药房,门头沟区,
北京市石景山区八宝山南路重兴嘉园4号楼101,,07200020,北京顺安堂大药房有限公司,石景山区,
北京市通州区梨园镇北杨洼255号,,23200040,北京高远百康大药房有限公司梨园分店,通州区,
北京市丰台区镇国寺北街4号院13号楼一层1-2号,,06200057,北京嘉致堂医药有限公司,丰台区,
北京市大兴区经济开发区金辅路8号1号楼一层107室,,24200026,北京佑美嘉工贸中心,大兴区,
北京市房山区拱辰街道昊天大街188号,,11200025,北京甘霖堂大药房,房山区,
北京市海淀区华清嘉园8号楼,,08200002,北京济安堂药店有限公司,海淀区,
北京市通州区宋庄镇关辛庄村委会东北100米,,23200039,北京京东益民医药有限公司关辛庄店,通州区,
北京市昌平区北清路中关村国际商城永旺购物中心一层,,21200033,北京同仁堂连锁药店有限责任公司辛庄桥西药店,昌平区,
北京市房山区拱辰街道纸房村362号,,11200019,北京进一步药店,房山区,
北京市昌平区回龙观镇回龙园东北门平房3号,,21200034,北京回龙观天保堂医药有限公司,昌平区,
北京市昌平区南口镇兴隆街2号,,21200005,北京昌药医药连锁经营有限公司南口药店,昌平区,
北京市丰台区太平桥西里29号楼1层1-2-20-1及-2,,06200037,北京金象大药房医药连锁有限责任公司六里桥金象大药房,丰台区,
北京市昌平区东小口镇天鑫家园6号楼1层,,21200028,北京仁宁堂大药房有限公司二分店,昌平区,
北京市昌平区回龙观镇龙腾苑三区七号楼一层,,21200038,北京龙腾海升堂大药房有限责任公司,昌平区,
北京市昌平区昌平镇南环东路28号-11号,,21200039,北京普乐安康医药有限公司,昌平区,
北京市延庆区康庄镇兴隆南街1号,,29200002,北京明和堂医药有限公司第四分店,延庆区,
北京市昌平区昌平镇鼓楼西街5-01到5-5号,,21200003,北京昌药医药连锁经营有限公司昌平药店,昌平区,
北京市昌平区东小口镇天通苑五区商业楼(西单商场天通苑购物中心一层东北侧大厅）,,21200032,北京同仁堂连锁药店有限责任公司天通花苑药店,昌平区,
北京市昌平区回龙观镇龙禧苑五区北店嘉园22号底商,,21200035,北京健安堂药店有限公司三分店,昌平区,
北京市通州区八里桥金海街17号,,23200033,北京京东益民医药有限公司八里桥店,通州区,
北京市昌平区回龙观镇龙华园15号楼东三门1层,,21200020,北京健安堂药店有限公司,昌平区,
北京市延庆区永宁镇太平街小后街7号,,29200005,北京百信仁康大药房有限公司一分店,延庆区,
北京市丰台区石榴园北里49号,,06200030,北京德信行医保全新大药房有限公司赵公口店,丰台区,
北京市通州区永顺镇苏坨村南6号,,23200043,北京瑞福康医药有限公司苏坨药店,通州区,
北京市房山区长阳镇昊天北大街48号218-1号楼203房,,11200024,北京瑞圣渲大药房有限公司,房山区,
北京市通州区潞城镇三元村村委会东20米,,23200042,北京瑞福康医药有限公司三元村大药房,通州区,
北京市房山区良乡北秀街2号,,11200023,北京永和堂药店,房山区,
北京市通州区新华联家园小区7号楼311号,,23200015,仁和药房网（北京）医药科技有限公司第三十一药房,通州区,
平谷区平谷镇文化街3号,,26200003,北京万家瑞大药房连锁有限公司天寿春二店,平谷区,
北京市朝阳区松榆东里41号楼北侧,,05200087,北京同仁堂连锁药店有限责任公司松榆里药店,朝阳区,
北京市昌平区小汤山镇小汤山村市场街150号,,14200003,北京汤山纯信堂药品销售有限责任公司,昌平区,
北京市西城区鼓楼西大街201号1幢1层101室,,02200075,北京新兴德胜连锁药房有限公司鼓楼店,西城区,
北京市西城区广安门外南街47号一层,,02200071,北京泰瑞堂大药房有限公司,西城区,
北京市朝阳区广渠路66号院甲10号楼105号,,05200066,北京国大药房连锁有限公司劲松连锁店,朝阳区,
北京市平谷区新平北路粮食局底商楼5-6号,,26200002,北京创世兴和堂医药有限责任公司（北京兴和堂药店）,平谷区,
北京市大兴区黄村镇枣园小区15号楼底商15号16号,,24200025,北京市永林门诊部有限公司,大兴区,
北京市房山区琉璃河镇官庄村市场对面,,11200009,北京仁德益医药连锁有限公司官庄药店,房山区,
北京市石景山区永乐西小区（原供销社）,,07200024,嘉事堂药业股份有限公司北京永乐药店,石景山区,
北京市延庆区延庆镇东外大街2号,,29200012,北京市祝生堂医药有限公司,延庆区,
北京市大兴区黄村镇清源西里1、2号楼底商,,24200017,北京市康建堂医药有限公司,大兴区,
北京市东城区东直门外小街10号,,01200009,仁和药房网（北京）医药科技有限公司第十二药房,东城区,
北京市东城区王府井大街301号-2,,01200004,北京亚泰永安医药股份有限公司王府井医药商店,东城区,
北京市通州区新城东里火车站6号,,23200036,北京京东益民利民医药有限公司,通州区,
北京市通州区新华联家园小区8号楼312号,,23200022,仁和药房网（北京）医药科技有限公司第十三药房,通州区,
北京市朝阳区幺家店路2号院4号楼1层8号底商,,05200022,北京百世德大药房有限公司常营店,朝阳区,
北京市石景山区西下庄商业楼一层,,07200025,嘉事堂药业股份有限公司北京八大处药店,石景山区,
北京市昌平区回龙观镇流星花园C区9#楼底商,,21200027,北京瑞氏堂医药有限公司,昌平区,
北京市通州区宋庄镇徐辛庄村,,23200026,北京盛仁堂医药有限公司第六分店,通州区,
北京市延庆区延庆镇高塔小区19号楼1006号房,,29200010,北京市祝生堂医药有限公司丰康药店,延庆区,
北京市延庆区延庆镇东顺城街26号一层,,29200011,北京市祝生堂医药有限公司悦康药店,延庆区,
北京市延庆区沈家营镇冯庄村（镇政府对面）,,29200013,北京明和堂医药有限公司第一分店,延庆区,
北京市平谷区平谷镇金谷园8号楼2号底商,,26200012,北京嘉事堂龙翔连锁药店有限公司嘉事堂平嘉药店,平谷区,
北京市延庆区延庆镇东外大街68号,,29200016,北京明和堂医药有限公司第五分店,延庆区,
北京市北京经济技术开发区文化园西路8号院27号楼106,,31200005,北京源通百姓平安大药房有限公司第四分公司,经济技术开发区,
北京市东城区前门大街135号,,03200004,北京五洲全新医药有限公司前门长春堂药店,东城区,
北京市平谷区山东庄镇山东庄村四沟路17号,,26200014,北京嘉事堂龙翔连锁药店有限公司嘉事堂山东庄药店,平谷区,
东城区朝阳门内大街243号,,01200001,北京永安堂医药连锁有限责任公司朝内药店,东城区,
北京市丰台区富锦嘉园2区9号综合服务楼,,06200059,北京诚安堂医药有限公司丰葆路店,丰台区,
北京市丰台区方庄路1号楼,,06200055,北京百姓阳光大药房有限公司方庄店,丰台区,
北京市朝阳区劲松七区718楼西侧,,05200060,北京百世德大药房有限公司劲松店,朝阳区,
北京市房山区青龙湖镇坨里村北大街东侧,,11200028,北京仁德益医药连锁有限公司坨里药店,房山区,
北京市朝阳区建外大街4号12幢1-2层SH-1207号,,05200023,北京普安法玛西医药有限公司建外药房,朝阳区,
北京市通州区西潞园小区商业楼80号甲1号,,23200023,北京瑞福康医药有限公司西潞园药店,通州区,
北京市丰台区长辛店崔村152号,,06200031,北京长辛店鑫兴金象大药房有限责任公司,丰台区,
北京市朝阳区十八里店老君堂新村297号东院一层,,05200084,北京老君堂金象大药房有限公司,朝阳区,
北京市平谷区平谷镇新平东路253号,,26200015,北京嘉事堂龙翔连锁药店有限公司嘉事堂东寺渠药店,平谷区,
北京市延庆区延庆镇东外大街61号良友商服综合楼一层,,29200018,北京明和堂医药有限公司延庆分店,延庆区,
北京市平谷区镇罗营镇上营村镇罗营东街96号,,26200013,北京嘉事堂龙翔连锁药店有限公司嘉事堂镇罗营药店,平谷区,
北京市丰台区丰管路16号9号楼1010室,,06200048,北京高远百康大药房有限公司丰管路分店,丰台区,
北京市平谷区平谷镇海关西园甲1号楼1单元1号,,26200004,北京国康全新大药房,平谷区,
北京市房山区良乡北潞园小区北潞春E7楼,,11200029,嘉事堂药业股份有限公司北京北潞园药店,房山区,
北京市朝阳区安立路甲52号C座,,05200073,北京正济堂药品连锁超市有限责任公司亚运村店,朝阳区,
北京市朝阳区东三环中路39号建外SOHO7号SH-0715号一层,,05200053,北京同仁堂施小墨医药有限公司,朝阳区,
北京市朝阳区樱花园东街1号,,05200054,嘉事堂药业股份有限公司北京樱花园东街药店,朝阳区,
北京市房山区青龙湖镇坨里大街55号内3号一层北侧,,11200010,北京仁德益医药连锁有限公司青龙湖西街药店,房山区,
北京市房山区十渡镇十渡村,,11200032,嘉事堂药业股份有限公司北京十渡药店,房山区,
北京市怀柔区南大街6号楼9号门店,,27200024,北京盛民堂医药销售有限公司,怀柔区,
北京市通州区杨庄南街5-1号,,23200020,北京瑞福康医药有限公司杨庄药店,通州区,
北京市朝阳区垡头北里3号楼,,05200077,北京市双桥燕京中药饮片厂垡头药店,朝阳区,
北京市怀柔区怀柔镇大中富乐村282号,,27200018,北京富乐民康大药房有限公司,怀柔区,
北京市丰台区韩庄子二里20号楼一层,,06200004,北京信海科园大药房有限公司,丰台区,
北京市房山区房山城关北大街6号,,11200033,嘉事堂药业股份有限公司北京圣福兴药店,房山区,
北京市丰台区成寿寺中路2号2号楼7-101,,06200053,北京鑫和淼大药房有限公司,丰台区,
北京市丰台区云岗南区西里1号,,06200049,北京市丰台云岗百货商场金象大药房,丰台区,
北京市房山区河北镇河南村,,11200015,嘉事堂药业股份有限公司北京河北镇药店,房山区,
北京市丰台区右安门外翠林小区3里8号一层,,06200056,北京七福堂大药房有限责任公司,丰台区,
北京市丰台区马家堡西路32号1号楼1号商铺,,06200064,北京马家堡天安堂医药有限公司,丰台区,
北京市朝阳区安慧北里逸园6号楼1层102,,05200067,北京同仁堂盛平药店有限责任公司,朝阳区,
北京市延庆区延庆镇颍泽州小区25号楼1层102室,,29200003,北京明和堂医药有限公司第三分店,延庆区,
北京市朝阳区水碓子东路蔬菜商店,,05200080,北京鹤寿堂药店,朝阳区,
北京市朝阳区农丰里7号楼一层,,05200071,北京三九朝阳医药有限公司东大桥药店,朝阳区,
北京市朝阳区白家庄路8号,,05200078,北京和寿春大药房有限公司,朝阳区,
北京市朝阳区和平西苑20号楼C101号,,05200057,北京国大药房连锁有限公司和平街连锁店,朝阳区,
北京市朝阳区建国门外大街24号2幢1层110,,05200072,北京同仁堂建国门大药房有限公司,朝阳区,
北京市西城区虎坊路大街14号,,04200004,北京京城虎坊路药店,西城区,
北京市怀柔区怀柔镇南大街25号楼2-102,,27200020,北京怀柔燕北医药有限公司乐兴堂医保全新大药房,怀柔区,
北京市怀柔区潘家园19号楼4号门面房,,27200026,北京怀柔燕北医药有限公司乐康堂医保全新大药房,怀柔区,
北京市房山区拱辰街道政通路2号院1号楼底商13号,,11200016,北京仁德益医药连锁有限公司政通平康药店,房山区,
北京市大兴区旧宫镇红星楼商业街汇宝隆大厦一层,,24200029,北京万源宝隆宏昌大药房有限公司,大兴区,
东城区安内大街96号,,01200003,北京医保全新大药房有限责任公司安定门店,东城区,
北京市房山区燕山迎风街35号,,11200017,北京正济堂药品连锁超市有限责任公司燕迎城店,房山区,
北京市大兴区黄村镇三中西巷18号,,24200027,北京嘉信普康医药有限公司,大兴区,
北京市石景山区玉泉路65号（平房),,07200027,北京时珍堂金鹿大药房有限公司,石景山区,
北京市怀柔区杨宋镇杨宋庄村十字街东100米,,27200021,北京怀柔燕北医药有限公司乐盈堂医保全新大药房,怀柔区,
北京市石景山区八宝山永乐小区永乐粮店,,07200018,北京乐顺堂大药房有限公司,石景山区,
北京市大兴区西红门镇欣荣北大街18号院1号楼2号底商,,24200030,北京荣盛堂医药有限公司,大兴区,
北京市大兴区黄村镇龙河路103号,,24200024,北京嘉信普康医药有限公司第一分公司,大兴区,
北京市怀柔区怀柔镇大中富乐村337号,,27200025,北京海龙堂医药连锁有限公司,怀柔区,
北京市平谷区平谷镇北环东路26号楼4号底商,,26200011,北京嘉事堂龙翔连锁药店有限公司第一药店,平谷区,
北京市怀柔区迎宾北路2号楼3单元,,27200022,北京怀柔燕北医药有限公司乐益堂医保全新大药房,怀柔区,
北京市密云区南河路4号院金融商业城6-1-102号,,28200015,北京太宁康医药有限公司一分店,密云区,
北京市海淀区清华大学34区南平房,,08200096,北京同仁堂连锁药店有限责任公司中关村北大街药店,海淀区,
北京市大兴区旧宫镇清逸园32号楼3-103,,24200034,北京丰益堂药店,大兴区,
北京市大兴区北臧村镇大臧村村委会西100米（A段西数第七间）,,24200028,北京益顺堂药房有限公司,大兴区,
北京市房山区琉璃河镇火车站前街,,11200021,北京仁德益医药连锁有限公司琉璃河药店,房山区,
北京市密云区新中街世纪家园小区C楼E室,,28200012,北京百草扶生大药房有限责任公司,密云区,
北京市东城区西革新里108号院2幢2-10,,03200001,北京德威治医药连锁有限责任公司沙子口大药房,东城区,
北京市海淀区罗庄西里13号楼1层,,08200060,北京国大药房连锁有限公司太月园连锁店,海淀区,
北京市海淀区东北旺东馨园小区十号楼前商业房,,08200067,叮当智慧药房（北京）有限公司第十五店,海淀区,
北京市朝阳区南新园甲19号楼,,05200045,北京同仁堂连锁药店有限责任公司南磨房药店,朝阳区,
北京市西城区永安路甲149号一层,,02200088,北京友谊仁博大药房有限责任公司永安路分店,西城区,
北京市密云区穆家峪镇羊山村大集院内,,28200018,北京慧源堂药品有限公司第九分店,密云区,
北京市密云区密西花园小区48号楼1层48-3,,28200017,北京和谐春天医药有限公司六分店,密云区,
北京市海淀区宝盛里37号楼一层底商,,08200061,北京国大药房连锁有限公司永泰宝盛连锁店,海淀区,
北京市西城区西直门南大街16号楼院一层3号、4号,,02200072,北京健安仁和医药有限公司,西城区,
北京市西城区东经路5号2号楼一层,,02200090,北京正济堂药品连锁超市有限责任公司天桥店,西城区,
北京市顺义区南彩镇南彩村村委会东500米,,22200002,北京市顺义医药药材公司南彩医保全新大药房,顺义区,
"北京市朝阳区世纪东方嘉园204楼4-10,4-19",,05200049,北京国大药房连锁有限公司东方四环连锁店,朝阳区,
北京市海淀区新科祥园4号楼1层03、04室,,08200047,北京同仁堂连锁药店有限责任公司北京同仁堂时珍药店,海淀区,
北京市顺义区北小营镇北小营村村委会北200米,,22200003,北京市顺义医药药材公司瑞德堂医保全新大药房,顺义区,
朝阳区八里庄南里32号楼,,05200004,北京佰健医药有限公司,朝阳区,
北京市海淀区中关村甲334号楼76号底商,,08200030,北京德信行医保全新大药房有限公司保福寺店,海淀区,
北京市顺义区石园小区26号楼南侧,,22200006,北京市顺义医药药材公司瑞福堂医保全新大药房,顺义区,
北京市海淀区西直门北大街甲1号1层,,08200066,北京好得快医药有限公司第一大药房,海淀区,
北京市海淀区安宁庄西路9号院15号楼6-102,,08200013,北京禧来康医院管理有限公司大药房,海淀区,
北京市海淀区增光路37号中海馥园三号楼底商1C号,,08200064,北京德信行医保全新大药房有限公司增光路店,海淀区,
北京市海淀区颐和园宫门前街1号89至91幢平房,,08200051,北京同仁堂京北企业管理有限公司颐和园路药店,海淀区,
北京市海淀区北四环中路252-7号,,08200065,北京德信行医保全新大药房有限公司北航路店,海淀区,
北京市海淀区永定路乙1号14号楼41号,,08200048,北京同仁堂京北企业管理有限公司永定路店,海淀区,
北京市海淀区小南庄怡秀园综合楼,,08200070,北京德信行医保全新大药房有限公司怡秀园店,海淀区,
北京市海淀区北蜂窝铁路东宿舍20号楼,,08200036,北京德信行医保全新大药房有限公司会城门店,海淀区,
北京市朝阳区常营乡常营居住区一期一区119幢E号房,,05200028,北京国大药房连锁有限公司东苇路连锁店,朝阳区,
北京市门头沟区新桥大街74号,,09200004,北京同仁堂善和医药有限公司大峪药店,门头沟区,
北京市朝阳区曙光西里甲6号院9号楼107,,05200031,北京国大药房连锁有限公司东方盛鑫连锁店,朝阳区,
北京市丰台区马家堡东路2号一层中102,,06200003,北京金象大药房医药连锁有限责任公司洋桥金象大药房,丰台区,
北京市朝阳区芍药居北里317号楼1层6单元317-1,,05200029,北京国大药房连锁有限公司芍药居连锁店,朝阳区,
