榆林市第一医院,榆林市开发区兴达路,市区
榆林市第二医院,榆阳区康安路,市区
榆林市星元医院,榆林市西人民路33号,市区
榆林市第三医院,榆林东沙,市区
榆阳区众康医院,上郡路旧二中对面,市区
榆阳区夏州路社区卫生服务站,上郡路林科所一楼,市区
榆阳区文化路社区卫生服务站,榆阳区文化路,市区
榆阳区芹涧路社区卫生服务站,榆阳区芹涧路社区,市区
榆阳区明珠卫生服务站,榆阳区长兴路48号,市区
榆阳区春苑社区卫生服务站,崇文路52号,市区
榆阳区创伤医院,榆阳区望湖路1号,市区
榆阳区崇文路社区卫生服务站,榆阳区西沙崇文路中段,市区
榆阳区崇文路街道办事处,社区卫生服务中心,市区
榆林市榆阳区桃源社区卫生服务站,榆林市高新区兴达路上郡小区商铺,市区
榆林市榆阳区普惠泉社区卫生服务站,榆林市榆阳区北大街367号,市区
榆林市榆阳区华康医院,榆阳区航宇路47号,市区
榆阳区恒泰汽车运输集团有限公司卫生所,榆阳区三官会下巷恒泰卫生所,市区
榆林市榆阳区安定精神病医院,榆林市榆阳区长城北路北岳庙村,市区
榆林市榆阳区万福口腔诊所,榆阳区西人民路15号,市区
榆林市榆阳区高强盲人医疗按摩所,榆阳区上郡路西亚小区15号,市区
榆林市榆阳区青山路高强盲人医疗按摩所,榆阳区青山西路政协家属院,市区
榆阳区创美口腔门诊部,榆阳区西沙文化南路艺术团北侧,市区
榆林医学专修学院附属医院,榆阳区西人民路26号,市区
榆林市秦怀路社区卫生服务站,榆林市榆阳区秦庄路富顺苑1号,市区
榆林市皮肤病研究门诊,榆阳区西沙柳营路249号,市区
榆林口腔医院,榆林市榆阳区肤施路161号,市区
榆林颈肩腰腿病康复医院,榆林市肤施路28号,市区
榆林高新医院,高新区建业大道与广达路之间,市区
榆林风湿肠皮肤病中医专科医药,陕西省省榆林市榆阳区大街130号,市区
榆林市高新区朝阳路高强盲人医疗按摩所,榆阳区高新技术产业区朝阳路,市区
榆林肿瘤医院,榆林市红山中路榆林肿瘤医院,市区
榆林博爱医院,榆林市长城北路59号,市区
榆林市九州门诊部,榆林市湖滨南路1号,市区
榆林阳光医院,榆林市上郡北路8号,市区
榆林市榆阳区人民医院,榆林市榆阳区青山西路建榆路十字路口,市区
榆阳区航宇路街道办事处,社区卫生服务中心,市区
榆阳区榆阳镇中心卫生院肤施路院区,榆阳区肤施路75号,市区
榆阳区中医医院,榆阳区西沙常乐路东32号,市区
榆阳区妇幼保健院,榆林市榆阳区银沙北路222号,市区
榆林市广济堂华仁医药有限公司,榆阳区人民路363号,市区
榆林市高新区永春堂国药有限公司,榆林市高新区北东环路塞维利亚46号,市区
榆林市高新区益寿堂大药房,高新区安居路18号,市区
榆林市维兵医药有限责任公司,榆阳区东沙金华路,市区
榆林市好一生医药有限公司,榆阳区聚财路盐业公司楼底,市区
榆林市仁和堂医药有限公司,榆阳区望湖路光华巷口,市区
榆林市恒泰兴业医药科技有限公司,榆林市高新区高新华府西门,市区
榆林市恒泰兴业医药科技有限公司,高新分公司,市区
榆林市清源国堂有限责任公司,榆林市开发区元池世纪城北门,市区
榆林市榆药集团中和堂医药科技有限公司,高新区兴安路昌达小区住宅一层6号,市区
榆林市高氏中和堂医药科技有限公司,上郡路分店,市区
榆林市高氏中和堂医药科技有限公司,开发区路店,市区
榆林市高氏中和堂医药科技有限公司,长城北路店,市区
榆林市高氏中和堂医药科技有限公司,兴达路店,市区
榆林市高氏中和堂医药科技有限公司,肤施路店,市区
榆林市高氏中和堂医药科技有限公司,保宁路分店,市区
榆林市高氏中和堂医药科技有限公司,兴榆路店,市区
榆林市高氏中和堂医药科技有限公司,高新区长兴东路煤炭局一楼,市区
榆林博德医药有限公司,榆阳区红山,市区
榆林花园百合医药科技有限公司,人民路青少年宫一楼,市区
榆林市高新区康华国药堂医药有限公司,榆林市高新区圣景名苑南门9号,市区
榆林市德济堂大药房有限公司,榆林市高新区技术产业园区阳光路,市区
榆林市众福堂医药有限责任公司,榆林市高新区疾控中心一楼,市区
榆林市西沙大药房,榆林市人民路苏州中学西侧,市区
榆林市春辉堂医药有限公司,榆林市榆阳区东沙银沙北路古城花园小区东门,市区
榆林市高新区泰安大药房,榆林市高新区长兴路文化艺术大楼一楼,市区
榆林市保康医药有限责任公司,榆林市金沙路216号,市区
榆林市高新区圆明堂药店有限公司,高新区桃李路榆兴苑商铺,市区
榆林市医圣堂医药,高新技术产业园区沙河路环保局一楼,市区
榆林市慈心堂医药有限公司,榆林市航宇路交通局1楼,市区
榆林广济堂中心店,榆阳区长城北路广济大厦一楼,市区
榆林广济堂西沙店,榆阳区文化南路长青小区15号楼1号,市区
榆林广济堂东沙店,榆阳区东沙驼峰路1号,市区
榆林市广济堂明清店,榆阳区北大街吕二狮巷口,市区
榆林广济堂榆阳店,榆阳区榆阳西路金龙宾馆一楼,市区
榆林广济堂上郡店,榆阳区上郡路42号,市区
榆林广济堂富康店,榆阳区富康路与友谊路路口,市区
榆林广济堂芹涧店,榆阳区西沙芹涧路,市区
榆林广济堂肤施店,榆阳区肤施路,市区
榆林广济堂二中店,榆阳区上郡中路138号,市区
榆林广济堂星明店,榆阳区新建南路药检所一楼,市区
榆林广济堂金沙店,榆阳区金沙路馨富园小区106号,市区
榆林广济堂西一路店,榆阳区肤施路榆阳东村安置小区东一排1号,市区
榆林广济堂柳营店,榆阳区刘营东路粮油食品厂综合楼一楼,市区
榆林广济堂红山店,榆阳区红山路（区公安局一楼）,市区
榆林广济堂长安店,榆阳区红山长虹北路东侧1-2号,市区
榆林广济堂新建北路店,榆阳区新建北路国贸新海龙商厦一楼,市区
榆林区广济堂银沙店,榆阳区银沙福苑小区（金阳小区西门对面）,市区
榆林广济堂人民店,榆阳区西人民路3号,市区
榆林广济堂金华店,榆阳区东沙无量殿东桃源路祥顺巷2号,市区
榆林广济堂明珠店,榆林市高新区塞维利亚西门3号商铺,市区
榆林广济堂长虹路社区卫生服务站,榆阳区驼峰路惠丰小区门口,市区
榆林广济堂二里半社区卫生服务站,榆阳区迎宾大道北侧,市区
榆林广济堂建设路社区卫生服务站,榆阳区建设路,市区
榆林广济堂金阳社区卫生服务站,榆阳区望湖东路金阳小区南门,市区
榆林广济堂开光路社区卫生服务站,榆阳区开光路,市区
榆林广济堂文化北路社区卫生服务站,榆阳区文化北路聚财巷口,市区
榆林广济堂幸福路社区卫生服务站,榆阳区西沙航宇路幸福路口,市区
榆林广济堂农垦店,榆阳区西人民路农垦花园沿街门市14-1-02,市区
榆林广济堂金苑店,榆阳区金沙路金苑小区西门南侧,市区
榆林广济堂桃园店,榆林市高新区兴达路桃园小区东门北侧,市区
榆林广济堂新园店,榆林市高新区荟景新园小区2号楼7号商铺,市区
榆林广济堂北大街店,榆阳区北大街352号,市区
榆林广济堂保宁路店,榆阳区保宁东路15号区委家属院门市,市区
榆林广济堂百姓药房店,榆阳中路12号工人文化宫1楼,市区
榆林广济堂锦园店,榆林市高新区锦园新世纪住宅小区C综合楼东,市区
榆林广济堂金榆店,榆阳区东沙新区金榆小区南区27号楼8号,市区
榆林广济堂万全店,榆阳区新建路17号（地运司楼底）,市区
榆林广济堂农业大厦店,榆阳区榆林大道榆阳国际大酒店一楼北侧,市区
榆林广济堂千巨健康城,榆阳区文化路与新二路交汇处二院对面,市区
榆林广济堂尚德名苑店,榆阳区柳营中路尚徳名苑北门靠东第一间,市区
榆林广济堂西铁连锁店,榆阳区榆林大道西铁家属小区东门,市区
榆林广济堂健民堂店,榆阳区大街北方医院旁边,市区
榆林市居安医药有限公司,榆林市榆阳区北岳庙村,市区
榆阳区民康药店,榆阳区榆阳西路56号,市区
榆阳区为民医药有限公司,榆阳区聚财路丰宁巷一排一号,市区
榆阳区广济堂春天大药房,榆阳区西人民路55号,市区
榆阳区惠君大药房,榆阳区青山东路41号,市区
榆阳区怀德医药有限公司,榆阳区肤施路市公安局对面,市区
榆阳区杏林堂医药有限公司,榆阳区红山东路大德公司办公楼对面,市区
榆阳区天康医药有限公司,榆阳区红山东路125号,市区
榆阳区博康医药有限公司,榆阳区榆林学院南大门东侧,市区
榆阳区益华大药店,榆阳区常乐北路一毛家属院,市区
榆阳区李氏永寿堂药店,榆阳区火车站南国税局稽查小区8号商铺,市区
榆阳区红山太和大药房,榆阳区育才东路金沙小区北门西侧,市区
榆阳区富和堂医药有限公司,榆阳区芹涧路西1-2号,市区
榆阳区九龙堂大药房,榆林市长城北路天辰综合批发商城一楼,市区
榆阳区九龙堂大药房东沙店,榆阳区银沙路银沙福苑小区东门1号楼101-8商铺,市区
榆阳区百姓福大药堂,榆阳区上郡南路德静路小区,市区
榆阳区济仁堂大药房,榆阳区金沙南路542,市区
榆阳区益生堂药店,东沙金沙路和顺雅苑小区商铺,市区
榆阳区兴安医药有限公司,榆阳区东沙桃源路,市区
榆阳区家家康大药房,榆阳区青山路与建榆路交际东北处,市区
榆阳区宏济大药房,榆林市建设路宏济大药房,市区
榆阳区御药堂医药有限公司,榆林市榆阳区榆阳西路41号,市区
榆阳区福缘堂医药有限公司,榆阳区新楼下巷,市区
榆阳区灵聪大药房有限公司,榆林市榆阳区青山西路,市区
榆阳区春风大药房,榆林市榆阳区富康路荟景家园,市区
榆阳区富艺大药房,榆林市榆阳区东沙育才路,市区
榆阳区积善堂大药房,榆阳区北大街278号,市区
榆阳区瑞康盛药堂,榆林市榆阳区上郡北路288号,市区
榆阳区爱心大药房,榆阳区东山桃源路东段,市区
榆阳区鑫康医药有限公司,榆阳区东沙金阳小区金沙苑1号楼第三间一层,市区
榆阳区普太和大药房,榆阳区文化南路经贸委家属院单元一楼,市区
榆阳区乐嘉药店,榆阳区青山西路祯祥巷一排五号,市区
榆阳区兴达大药房,榆林市航宇路285号,市区
榆阳区阳光大药房,有限责任公司,市区
榆阳区德仁堂大药房,榆阳区东沙桃源路,市区
榆阳区平和堂大药房,榆阳区东沙兴中路1排1号,市区
榆阳区众心堂大药房,榆阳区金华路东段,市区
榆阳区全真堂医药有限公司,上郡南路欣泰园小区,市区
榆阳区益仁堂医药有限公司,肤施路89号,市区
榆阳区恒俐太医药有限公司,柳营中路,市区
榆阳区宏德堂医药有限责任公司,榆阳区望湖路（雄山巷旁）,市区
榆阳区瑞福利药堂,东沙翠华路,市区
榆阳区百草堂医药有限公司,榆阳区长城中路34号,市区
榆阳区龙廷医药科技有限公司,榆阳区长城南路,市区
榆阳区康寿堂医药有限公司,榆阳区沙河路林河路畔,市区
榆阳区慧兴仁济药店,榆阳区肤施路区委商住楼三幢11号,市区
榆阳区同德大药房,榆林市榆阳区肤施路198号,市区
榆阳区惠德医药有限公司,榆阳区南郊德静路18排2号,市区
榆阳区同乐大药房有限公司,上郡路凌霄宾馆一楼,市区
榆阳区仁康药房,榆阳区文化南路赛维兰蒂斯,市区
榆阳区昌升药堂,榆阳区上郡北路45号,市区
榆阳区世喜大药房,榆阳区红山东路金阳小区北门,市区
榆阳区利梅大药房,榆阳区东沙金榆小区,市区
榆阳区益元堂药业有限公司,常乐路荣民小区7号,市区
榆阳区广益堂药房,榆阳区银沙北路古城花园小区东门,市区
榆阳区太和中医诊所,榆林市榆阳区肤施路157号,市区
榆阳区西沙药店,榆阳区西沙常乐路,市区
榆阳区建材三森药堂,榆阳区康安路市二院斜对面,市区
榆阳区金榆堂大药房,榆阳区金榆小区22号楼701室,市区
榆阳区东沙药店,榆阳区驼峰中路驼峰市场,市区
榆阳区文化路药店,榆阳区西沙文化南路艺术团北侧,市区
榆林市广济堂中心店,榆林市榆阳区长城北路广济大厦一楼,市区
榆林广济堂西沙店,榆林市文化南路长青小区15号楼1号,市区
榆林广济堂星明店,新建南路药检所一楼,市区
榆林广济堂畅达店,乡企城畅达路一排13号一楼,市区
广济堂榆林大道店,榆阳区210国道西林校路口北福顺小区03—1号,市区
广济堂崇文西路店,崇文西路高专家属院对面,市区
广济堂南大街店,新建北路军分区,市区
广济堂银沙店,榆林市银沙路金阳小区西门对面,市区
广济堂墨金苑店,开发区墨金苑小区,市区
广济堂三岔湾店,三岔湾,市区
广济堂鸿泰店,延寿路塑料厂对面,市区
广济堂益君店,长城南路永乐小区对面,市区
广济堂红山二店,红山路党校对面,市区
榆林广济堂望湖店,榆阳区望湖路,市区
广济堂王家楼店,王家楼五组沿街门市,市区
广济堂夏州路店,夏州路57号,市区
广济堂兴达店,东沙桃园路财政局家属院东一排3号,市区
广济堂建榆店,青山西路建榆建材市场门市B区四排9—10号,市区
广济堂亮馨店,肤施路亮馨大厦一楼,市区
广济堂迎宾路店,迎宾路西段榆靖高速路口旁,市区
广济堂广榆店,长城北路居春巷23号,市区
广济堂苏庄则店,榆阳区苏庄则,市区
广济堂长虹北路店,长虹北路榆阳西村7队小区6排1号,市区
广济堂驼峰路店,东沙无量殿北天顺巷口华泰建工一楼,市区
广济堂麻地湾店,榆阳区麻地湾,市区
广济堂益笑堂店,聚财巷内,市区
广济堂五雷沟店,大坝头旭泰景苑小区,市区
广济堂卫康店,榆林市榆阳区人民西路紫荆花大酒店一楼东侧,市区
广济堂康之太,东沙驼峰路与长虹路十字东北角,市区
广济堂乾益康,校场路交通银行对面,市区
广济堂铠瑞昌店,崇文路亮丽园小区一楼,市区
广济堂望湖星城店,望湖路与驼峰路十字东南角,市区
广济堂长虹南路店,驼峰北路三排一号,市区
广济堂泰祥家苑店,东沙育才路与东一路（十小向东500米）,市区
广济堂和顺嘉府店,陕西省榆林市高新技术产业园区和顺嘉府9/10号楼一层18号,市区
广济堂苏榆店,陕西省榆林市高新区沙河口村二组尤家峁新村苏榆90号,市区
广济堂长城北路店,陕西省榆林市榆阳区榆兰佳园1号楼一层商铺,市区
广济堂绿洲阳光店,陕西省榆林市高新技术产业园区东环路高新小区商铺标7一层,市区
广济堂兴榆路店,陕西省榆林市榆阳区兴楡路艾美国际酒店一楼由南向北第三间,市区
广济堂榆中店,陕西省榆林市高新区桃李路榆中南门对面商铺35-36,市区
广济堂翠华路店,陕西省榆林市榆阳区东沙金沙路西榆林市小对面,市区
广济堂昌荣店,陕西省榆林市榆阳区昌荣小区靠南（紧挨步梯西第一间）,市区
广济堂文化北路店,陕西省榆林市榆阳区文化北路1号,市区
广济堂益生源店,陕西省榆林市榆阳区上郡南路综合市场10-11号,市区
广济堂民众店,陕西省榆林市榆阳区聚财路顺安巷一排5号,市区
广济堂金阳东门店,陕西省榆林市榆阳区金阳小区林枫苑33号,市区
广济堂常乐路店,陕西省榆林市榆阳区常乐路206号,市区
广济堂青山西路店,陕西省榆林市榆阳区青山西路儿童医院斜对面,市区
广济堂泰安路店,陕西省榆林市榆阳区泰安西路市财政局对面,市区
广济堂常金刚寺,陕西省榆林市榆阳区金刚寺金星村173号,市区
广济堂天辰店,陕西省榆林市榆阳区建设路天辰名园沿街商铺东头第一间,市区
广济堂德静路店,陕西省榆林市榆阳区德静路46号,市区
广济堂奥林城店,陕西省榆林市高新技术产业园区东环路农贸市场小区1层03门市,市区
广济堂东环路店,陕西省榆林市高新技术产业园区建业大道北东环路西侧奥林城商住小区1幢1层11号,市区
广济堂盛景家苑店,陕西省榆林市榆阳区西沙建榆南路盛景家苑小区3号门市,市区
广济堂市一中店,陕西省榆林市榆阳区望湖东路望湖星城1号楼1层西2号商铺,市区
广济堂学府苑店,陕西省榆林市榆阳区榆麻路汇金学府苑2#商业一层03号,市区
广济堂塞维兰蒂斯店,陕西省榆林市榆阳区文化南路赛维兰蒂斯南门一层2号商铺,市区
广济堂榆佳路店,陕西省榆林市榆阳区德静路社区富贵巷一排一号,市区
广济堂锦园东门店,陕西省榆林市高新技术产业园区锦园新世纪C5,市区
广济堂千巨健康城,陕西省榆林市榆阳区文化路与新二路交汇处,市区
广济堂建业大道店,榆林市高新技术产业园区建业大道北东环路西侧奥林城5幢1-2层5号,市区
广济名苑店,榆阳区芹涧路广济名苑靠南第二间门市,市区
广济堂圣景名苑店,榆林市高新技术产业园区圣景名苑小区11号楼,市区
广济堂公园时光店,榆林市高新技术产业园区能源路西侧公园时光商住小区7号楼02号商铺,市区
广济堂阳光城店,榆林市高新技术产业园区能源路西侧公园时光商住小区7号楼03号商铺,市区
广济堂志科城店,榆林市榆阳区东沙志科城七号楼1号商铺,市区
广济堂桃园二店,榆林市高新技术产业园区兴达路437号南侧,市区
广济堂朝阳路店,榆林市高新技术产业园区朝阳路御溪台小区南门1-3号商铺,市区
广济堂保和堂店,榆林市榆阳区常乐路31号,市区
广济堂家和大药房,榆林市榆阳区上郡路六校家属院一幢2号,市区
广济堂顺星店,榆林市榆阳区巴拉素镇榆补路东侧,市区
广济堂万国名苑店,榆林市榆阳区西沙保宁中路万国名园一楼,市区
广济堂塞维利亚东门店,榆林市高新技术产业园区北东环路塞维利亚商住小区商铺48号楼商铺,市区
广济堂塞维步行店,榆林市高新技术产业园区北东环路塞维利亚商住小区39号商铺,市区
广济堂银沙南路店,榆林市榆阳区银沙路望湖星城西区商铺,市区
广济堂湖滨北路店,榆林市榆阳区湖滨北路红山坡壹层房屋3号门市,市区
广济堂沙河口店,榆林市榆阳区航宇路动能瑞小区门市中间1间1-2楼,市区
广济堂榆溪雅园店,榆林市榆阳区文化南路榆溪雅园15-16幢2号门市,市区
广济堂曼哈顿连锁店,榆林市高新技术产业园区长兴路怀远曼哈顿特区商铺三号楼一号门面房,市区
广济堂同寿堂店,榆林市榆阳区金林小区16-17号商铺,市区
广济堂金沙名苑店,榆林市榆阳区金沙路东桃园路南转角商铺,市区
广济堂褔积生,榆林市榆阳区东沙海沙湾育德路市一中北,市区
广济堂东沙二店,榆林市榆阳区驼峰中路育才巷口北第二间门市,市区
广济堂友谊二店,榆林市榆阳区西沙友谊路华惠才超市一层,市区
广济堂尚德名苑南门店,榆林市榆阳区西路尚德名苑1号楼东边,市区
广济堂泰和家园店,榆林市榆阳区东沙金沙路北泰和时代,市区
榆林市同心医药连锁有限公司绿洲店,榆林市高新区东环路绿洲阳光小区,市区
榆林市同心医药连锁有限公司银沙店,榆林市榆阳区银沙路城东雅苑小区南一楼,市区
榆林市同心医药连锁有限公司榆阳店,榆林市榆阳区肤施路榆阳百货大厦1号楼,市区
榆林市同心医药连锁有限公司新建路店,榆林市榆阳区新建南路丽丰购物广场一楼,市区
榆林市同心医药连锁有限公司上郡路店,榆林市榆阳区上郡路党校一楼,市区
榆林市同心医药连锁有限公司航宇路店,榆林市榆阳区航宇路中段西区财政局斜对面,市区
榆林市同心医药连锁有限公司长虹路店,榆林市榆阳区东沙长虹路惠丰小区向南100米,市区
榆林市同心医药连锁有限公司柳营路店,榆林市榆阳区刘营西路桑德名苑北一楼,市区
榆林市同心医药连锁有限公司常乐路店,榆林市榆阳区常乐路与保宁路十字,市区
榆林市同心医药连锁有限公司文化路店,榆林市榆阳区文化路与 青山路十字路口,市区
榆林市同心医药连锁有限公司人民路店,榆林市榆阳区人民路金花购物广场一楼西侧,市区
榆林市同心医药连锁有限公司友谊路店,榆林市榆阳区友谊路7号（邮电小区对面）,市区
北京同仁堂榆林药店有限责任公司,榆阳区南大街原百贸大楼,市区
榆阳区广济大药店,榆阳区中人民路星元医院西侧,市区
榆林市普济堂医药有限公司,榆阳区东兴街北段,市区
榆林大药房上郡路店,榆阳区上郡北路10号,市区
榆林大药房新建北路店,榆阳区新建北路（一路车终点站）,市区
榆林大药房人民路店,榆阳区人民西路21号,市区
榆林大药房新建南路店,榆阳区新建南路森煜商务大厦一楼,市区
榆阳区妇幼保健院,榆阳区银沙北路222号,市区
北方医院院区,榆阳区新建南路131号,市区
北方医院东院院区,榆阳区盐市中巷,市区
北方医院眼科医院院区,榆阳区李学士中巷,市区
北方医院针灸医院院区,榆阳区李学士中巷10号,市区
北方医院南郊医院院区,榆阳区上郡南路20号,市区
榆林市精神卫生中心,榆阳区上郡南路20号,市区
榆阳区榆阳镇中心卫生院人民路院区,榆阳区人民路7号,市区
榆林市济民堂医药有限公司,榆林市开发区开源路荟景家园1号楼1层商铺,市区
榆阳区民生大药房,榆阳区新二路二院西侧,市区
榆林市榆阳区康济医药有限公司,榆阳区保宁西路227号,市区
榆林市痔瘘医院,榆阳区驼峰中路4号,市区
榆阳区长虹口腔门诊部,榆阳区人民中路98号,市区
榆林妇产专科医院,榆阳区长城中路妇产大楼,市区
榆林市高新区现代口腔门诊部,榆林市高新区北东环路塞维利亚小区42号商铺,市区
榆林皮肤病医院,榆林市文化南路榆溪雅园二期,市区
榆林市榆阳区健安堂医药有限公司,榆林市东沙育才路市经济房对面,市区
榆林市和康医药有限公司,榆林市富康路138号,市区
榆林中大医院,榆阳区肤施路97号,市区
新楼社区卫生服务站,榆阳区新建南路115号,市区
榆阳区新明楼街道办事处,社区卫生服务中心,市区
榆阳区福安社区卫生服务站,榆阳区保宁路97号,市区
榆林中医皮肤病医院,榆阳区肤施路139号,市区
榆林市榆阳区啸峰盲人按摩所,榆林市榆阳区校场路1号,市区
榆林市榆阳区康美口腔诊所,榆林市榆阳区青山东路81号,市区
榆阳区保宁路卫生服务站,榆阳区西沙柳营中路实验中学南,市区
榆阳区世兴口腔诊所,榆阳区文化路鄂尔多斯大酒店楼下,市区
榆阳区牙科防治诊所,榆阳区灵秀街2号,市区
榆林怡悦医药有限公司肤施路分公司,榆阳区肤施路42号,市区
榆林怡悦医药有限公司文化路分公司,榆阳区文化路市政府家属院一层门市,市区
陕西怡康医药有限责任公司榆林航宇路店,榆阳区航宇路华康医院一楼,市区
陕西怡康医药有限责任公司榆林红山路店,榆阳区红山民生家园1层2号,市区
榆林怡悦医药有限公司,榆阳区文化北路84号,市区
榆阳区宝芝堂药店,榆阳区金沙南路558号,市区
广济堂广茂堂店,榆阳区人民西路25号毛纺厂小区,市区
广济堂德静二店,榆阳区德静路1排38号,市区
广济堂凯歌楼店,榆阳区北大街215号,市区
广济堂老年病医院,榆阳区康安路榆林第二医院南对面,市区
陕西怡康医药有限责任公司,榆林和顺嘉府店,市区
广济堂桃园南门店,榆林市高新区长兴路北侧253号,市区
广济堂巨丰店,榆林市高新区雨润路绿源小区11号楼8号商铺,市区
广济堂中央公园二店,榆林市高新区朝阳路中央公园C座104号,市区
榆林市千跃堂医药有限公司,榆阳区银沙路智乾鑫府邸高6号,市区
广济堂恒济堂店,榆林市榆阳区望湖东路汇金绿源小区,市区
榆林市康祝医药科技有限公司,榆林市高新区朝阳路男中央公园30号楼6号商铺,市区
榆林市金林医药有限公司,榆林市榆阳区环城北路金林小区1栋1号,市区
榆林市榆阳区新华口腔诊所,榆阳区湖滨南路88号,市区
榆阳区柳营路社区卫生服务站,榆阳区柳营路农贸市场门口,市区
榆林之美口腔医院,榆阳区文化路与青山路十字,市区
海派正脊中医诊所,榆林市高新区东环路塞维利亚小区东门,市区
高强盲人医疗按摩所兴达路店,榆林市高新区检察院2楼2号商铺,市区
榆阳区肤康诊所,榆阳区保宁西路39号,市区
榆林市榆阳区金华路社区卫生服务站,榆林市东沙翠华路电大东,市区
榆林市榆阳区爱雅口腔诊所,榆林市人民西路鸳鸯楼下,市区
创美口腔诊所高新分店,榆林市高新区中央公园北门二楼,市区
榆林市榆阳区特美口腔诊所,榆阳区富康路与友谊路十字路口,市区
榆林市仁心医药有限公司,榆林市高新区御溪台小区西门5号商铺,市区
榆林市和济医药有限公司,榆林市高新区和顺嘉府小区01层05号商铺,市区
榆林市榆阳区保宁堂医药有限公司,榆林市榆阳区保宁西路,市区
榆林市榆阳区永鸿佑医药有限责任公司,榆阳区长城路街道吴家梁村委会,市区
榆林市榆阳区春运医药有限公司,榆林市榆阳区红山东路德华南苑1排1号,市区
榆林市榆阳区春运医药有限公司金林分店,榆林市榆阳区北环路金林小区3号楼2号商铺,市区
榆林市榆阳区安祥医药有限公司,榆阳区延寿路青云雅苑门市房52号,市区
榆林怡悦医药有限公司柳营路分公司,榆林市榆阳区刘营东路32号,市区
榆林怡悦医药有限公司兴达路店,榆林市高新区新大陆绿源小区12号楼17号商铺,市区
榆林市榆阳区康德乐医药有限公司,榆阳区林河路城投榆溪圣境8号楼2号商铺,市区
陕西泰昂医药有限公司林河路分店,榆阳区林河路城投榆溪圣境8号楼6号商铺,市区
榆林市药玉堂孙思邈医药有限公司六门市,榆林市高新技术产业园区中央公园西门9号楼商铺,市区
榆林市药玉堂孙思邈医药有限公司九门市,榆阳区金沙路西和顺雅苑2号商业楼1号商铺,市区
榆阳区广药堂医药有限公司,榆林市上郡北路17号楼一楼,市区
榆阳区恒福医药有限公司,榆阳区钟阳路志科小区4号楼一层门面3号,市区
榆林市榆阳区福泽医药有限公司,榆阳区金林小区西门口,市区
榆林南同堂医药有限公司,榆林市高新区锦园新世纪34号楼,市区
榆林市榆阳区欣兴口腔诊所,榆阳区上郡北路147,市区
榆林市高新区仁众大药房有限责任公司塞维利亚店,榆林市高新区北东环路塞维利亚小区57号商铺,市区
榆林顺安福医药有限公司,榆阳区城墙内夫子庙南门广场66号,市区
榆林市同心医药连锁有限公司林河店,榆阳区林河路榆溪圣境5幢9号,市区
榆林市同心医药连锁有限公司星元店,榆阳区人民中路榆溪大酒店24号门市,市区
榆林市恒泰兴业医药科技有限公司,高科分公司,市区
榆林市红十字会医院,榆林市榆阳区镇川镇,榆阳
榆林老医协鱼河医院,榆阳区鱼河镇鱼同村,榆阳
榆阳区鑫源医药有限公司,榆林市榆阳区鱼河镇,榆阳
榆阳区镇川国药堂,榆林市榆阳区镇川北大街,榆阳
榆林广济堂镇川店,镇川中街171号,榆阳
广济堂兴镇路店,榆阳区镇川镇兴镇路扣海天商务酒店一楼左第四间门市,榆阳
榆林广济堂鱼河店,榆阳区鱼河镇新街,榆阳
广济堂补浪河连锁店,陕西省榆林市榆阳区补浪河乡刀红路新建商业楼1楼1号,榆阳
广济堂青云叶家沟店,陕西省榆林市榆阳区青云镇叶家沟村A区1号7-8号商铺,榆阳
广济堂金鸡滩店,榆阳区金鸡滩镇张寺梁村（陕西有色榆林新材料对面三层商业楼1楼2号）,榆阳
榆林广济堂青云店,大坝头五一化工厂,榆阳
榆阳区镇川镇中心卫生院,榆阳区镇川镇北大街1号,榆阳
广济堂马家峁店,榆林市榆阳区芹河乡马家峁村榆补路北畔,榆阳
广济堂小纪汗店,榆林市榆阳区小纪汗乡小纪汗镇政府对面,榆阳
广济堂柳树滩店,榆林市榆阳区金鸡镇柳树滩村铝厂西,榆阳
榆阳区富盛堂医药有限公司,榆阳区芹河乡口子队中石化加油站对面,榆阳
榆林市榆阳区大众医药有限公司,榆阳区鱼河镇,榆阳
榆林市广济堂玉熙医药有限公司,榆阳区牛家梁镇,榆阳
榆林市久康医药有限公司,榆阳区小壕兔乡,榆阳
榆林市广济堂玉熙医药有限公司麻黄梁店,榆阳区麻黄梁镇,榆阳
广济堂闫庄则店,榆林市高新区西沟村阎庄则小组物业办,榆阳
榆阳区顺安堂医药有限公司,榆阳区麻黄梁镇,榆阳
神木市医院,陕西省神木市光明路中段,神木
神木中西医结合医院,神木市东兴街中段,神木
神木市第二人民医院,神木市卫校路1号,神木
神木市宝馨堂医药有限责任公司,神木市锦界镇二区,神木
神木市同康医药有限公司,神木市锦界镇高家堡小区,神木
神木市迈康医药有限公司,神木市大柳塔镇后柳塔民优市场对面,神木
神木市太福堂医药有限公司,神木市大柳塔镇前程市场太福堂医药有限公司,神木
神木市大柳塔煤田大药房,神木市大柳塔镇二马路煤田大药房,神木
神木市德康药材有限公司,神木市大柳塔镇神东小区,神木
神木市德康药材有限公司,北区分公司,神木
神木市德康药材有限公司,李家畔分公司,神木
神木县中和堂医药有限公司,神木市光明中段,神木
神木县中和堂医药有限公司,麟州街分公司,神木
神木市中和堂医药有限公司,河畔分公司,神木
神木市清文永康医药有限公司,神木市东兴街北段,神木
神木市康尔健医药有限公司,神木市大柳塔阳光小区A区院内,神木
神木市益福康医药有限公司,神木市大柳塔镇石圪台村,神木
神木县李家畔益安康药店,神木市大柳塔镇李家畔长河华庭小区1楼,神木
神木市一笑堂医药有限公司,神木市锦界镇小区一区,神木
神木市柠条塔大药房有限责任公司,神木市孙家岔镇柠条塔村,神木
神木市军艳医药有限公司,神木市店塔镇,神木
神木市德圣康医药有限公司,神木市神华路下段北侧,神木
神木市仁爱医药有限公司,神木市大柳塔镇二马路农运停车场对面,神木
神木市大柳塔镇柳兴药店,神木市大柳塔镇二市场北端16号,神木
神木市康源大药店,神木市大柳塔镇柳兴街农行斜对面,神木
神木市华诊医药有限公司,神木市中鸡镇李家畔村,神木
神木市顺民医药有限公司,神木市恒源首府南门西侧19号,神木
神木市妙济堂医药有限公司,神木市西沟镇雷石畔村,神木
神木市宝仁堂医药有限公司,神木市神木镇王渠C区,神木
神木市宝芝堂医药有限公司,神木市锦界镇四区,神木
神木市民康医药有限公司,神木市大保当镇,神木
神木市悦康医药有限公司,神木市驼峰路,神木
神木市悦康医药有限公司,呼家圪台分公司,神木
神木市心连心医药有限公司,神木市精煤路南下段,神木
神木市心连心医药有限公司,麟州街分公司,神木
神木市回春堂医药有限公司,神木市复兴路中段,神木
神木市永德医药有限公司,神木市黄庄村,神木
神木市神农草大药房,神木市惠民路,神木
神木市益世大药房,神木市二粮站商业街对面,神木
神木市林源堂医药有限公司,神木市中鸡镇西大街中段,神木
神木市宏仁堂医药有限公司,神木市兴神路与东兴街交汇向西20米,神木
神木市大保当镇济世堂医药,有限公司,神木
神木市锦界百姓大药房,神木市锦界二区,神木
神木市锦界镇万民大药房,神木市锦界五区农贸市场,神木
榆林市瑞祥堂医药有限公司,榆林市神府经济开发区锦界,神木
榆林市瑞祥堂医药有限公司,锦界二区分公司,神木
榆林市瑞祥堂医药有限公司,锦安路分公司,神木
榆林市瑞祥堂医药有限公司,榆神工业区分公司,神木
神木市日日新医药有限公司,神木市希望小学附近,神木
神木市德仁堂医药有限公司,神木市麻家塔乡水墨河村鸳鸯塔小组,神木
神木市康祺医药有限公司,神木市大柳塔镇,神木
神木市康诺医药有限公司,神木市大保当镇烟草公司对面,神木
神木市宏济堂医药有限公司,神木市大柳塔镇前柳塔村前程市场,神木
神木市宏济堂医药有限公司,第一分公司,神木
神木市宏济堂医药有限公司,第二分公司,神木
神木市德昌祥医药有限公司,神木市人民路教育中心对面,神木
神木市大柳塔欣康药店,神木市大柳塔镇前柳塔村,神木
神木市同春堂医药有限责任公司,神木市大柳塔镇,神木
神木市星康医药有限公司,神木市永红车站,神木
榆林市宁和堂医药有限公司,神木市东山路阳崖路十字路口,神木
榆林市宁和堂医药有限公司,大柳塔分公司,神木
榆林市宁和堂医药有限公司,惠安路分公司,神木
神木市普泽大药房,神木市惠泉路下段,神木
神木市普济堂大药房,神木市东兴街天峰酒店对面,神木
神华神东总医院,神木市大柳塔试验区,神木
榆林市普惠堂医药有限公司,神木市麟州街南段检察院家属楼下,神木
神木市大柳塔镇广济堂药店,神木县大柳塔镇前程百货大厦一楼,神木
神木市泰和堂医药有限公司,神木市继业路上段,神木
神木市健尔乐医药有限公司,神木市神木镇麻家塔办事处水磨河村第十中学附属幼儿园北50米,神木
榆林市中和堂医药有限公司,神木市兴神路中段北侧1号,神木
榆林市中和堂医药有限公司,梅苑店分公司,神木
榆林市中和堂医药有限公司,东兴街南段分公司,神木
榆林市中和堂医药有限公司,神木希望分公司,神木
榆林市中和堂医药有限公司,北关分公司,神木
榆林市中和堂医药有限公司,神中分公司,神木
榆林市中和堂医药有限公司,六里碑分公司,神木
榆林市中和堂医药有限公司,王渠分公司,神木
榆林市中和堂医药有限公司,鸳鸯塔分公司,神木
榆林市中和堂医药有限公司,恒源首府分公司,神木
榆林市中和堂医药有限公司,丽景南苑分公司,神木
榆林市中和堂医药有限公司,惠安路分公司,神木
榆林市中和堂医药有限公司,锦界一分公司,神木
榆林市中和堂医药有限公司,墨金苑分公司,神木
榆林市中和堂医药有限公司,南关分公司,神木
神木市中和堂医药有限公司,北亚华分公司,神木
榆林市中和堂医药有限公司,塞上欣苑分公司,神木
榆林市中和堂医药有限公司,幸福家园分公司,神木
榆林市中和堂医药有限公司,人民路分公司,神木
榆林市中和堂医药有限公司,八中分公司,神木
榆林市中和堂医药有限公司,东山路分公司,神木
榆林市中和堂医药有限公司,仕嘉名苑分公司,神木
榆林市中和堂医药有限公司,铧山分公司,神木
榆林市中和堂医药有限公司,铧山小区分公司,神木
神木县博信医药有限公司,神木县东兴街北段,神木
神木市药材公司旗舰店,神木县东兴街北段博爱大厦一楼,神木
神木市药材公司第一分店,神木县惠泉路38号,神木
神木市药材公司第二分店,神木县东兴街中段黄庄商住楼北侧,神木
神木市药材公司第三分店,神木县百姓商场一楼,神木
神木市药材公司第四分店,神木县北大街1号,神木
神木市药材公司第五分店,神木县麟州路中段,神木
神木市药材公司第六分店,神木县干河北路4号,神木
神木市药材公司第七分店,神木县五龙口十字路口,神木
神木市药材公司第八分店,神木县东兴街物资大厦一楼,神木
神木市药材公司第九分店,神木县东兴南街设计院一楼,神木
神木市药材公司第十分店,神木县东兴街北街沙渠市场北侧,神木
神木市药材公司第十一分店,神木县南关公路段一楼,神木
神木市药材公司第十二分店,神木县南大街2号,神木
神木市药材公司第十三分店,神木县东兴街南段,神木
神木市药材公司第十四分店,神木县光明路下段,神木
神木市药材公司第十五分店,神木县职中路开发公司一楼,神木
神木市药材公司第十六分店,神木县南大街电力局一楼,神木
神木市药材公司第十七分店,神木县东兴街新华书店隔壁,神木
神木市药材公司健康城十八店,神木县惠泉路中段地税局下面,神木
神木市药材公司第十九分店,神木县麟州街中段人民小区东门口,神木
神木市药材公司第二十分店,神木县古城北侧二医院东150米,神木
神木市药材公司第二十一分店,神木县东山路果园信用社隔壁,神木
神木市药材公司第二十二分店,神木县六中南侧100米,神木
神木市药材公司第二十三分店,神木县神木镇庙梁新村1排1号,神木
神木市药材公司第二十四分店,神木县麻家塔乡水磨河村七中下面,神木
神木市药材公司第二十五分店,神木县中鸡镇李家畔村神华超市二楼,神木
神木市药材公司第二十六分店（柳一）,神木县大柳塔镇轻工市场南侧,神木
神木市药材公司第二十七分店（柳二）,神木县大柳塔镇柳兴街中段,神木
神木市药材公司第二十八分店（北站）,神木县店塔镇石拉沟村,神木
神木市药材公司第二十九分店（店一）,神木县店塔镇店塔村,神木
神木市药材公司第三十分店（店二）,神木县店塔镇店塔村购物中心对面,神木
神木市药材公司第三十一分店,神木县警界镇一区瑶镇街春苑宾馆楼下,神木
神木市药材公司第三十二分店,神木县兴神路（同丰市场东100米）,神木
神木市药材公司第三十三分店,神木县纬一路大兴游乐场对面,神木
神木市药材公司第三十四分店（柳三）,神木县大柳塔镇迎宾路大柳塔乡政府东100米,神木
神木市药材公司第三十五分店（柳四）,神木县大柳塔镇王渠村大柳塔矿西侧500米,神木
神木市药材公司第三十六分店,神木县东兴街西路民友商城对面18号,神木
神木市药材公司第三十七分店,神木县惠民路六号商务楼一楼,神木
神木市药材公司第三十八分店（五中）,神木县东兴街南段五中对面,神木
神木市药材公司第三十九分的（职中）,神木县兴南路职中家属楼一楼,神木
神木市药材公司第四十一分店,神木县水磨河村四中路清华园小区西六号商铺,神木
神木市药材公司第四十二分店,神木县麻家塔乡鸳鸯塔村龙华府一楼,神木
神木市药材公司第四十三分店,神木县麟州街第六小学斜对面,神木
神木市药材公司第四十四分店,神木县警界镇大区A-2三号（亚华热电对面）,神木
神木市药材公司第四十五分店,神木县大保当镇平安街与朝阳路十字南20米,神木
神木市药材公司第四十六分店,神木县迎宾广场东南角,神木
神木市药材公司第四十七分店,神木县东兴街与继业路十字东南角,神木
神木市药材公司第四十八分店,神木县东兴街与东岳路十字南20米,神木
神木市药材公司第四十九分店,神木县店塔镇店塔村交警中队对面,神木
神木市药材公司第五十分店,神木县大柳塔镇柳兴北段紫兰商务宾馆一楼,神木
神木市药材公司第五十一分店,神木县锦界镇第五区康乐路与瑶镇路十字,神木
神木市药材公司第五十二分店,神木县尔林兔镇尔林兔村尔林兔中学隔壁,神木
神木市药材公司第五十三分店,神木县美好五龙聚东方红广场南侧第伍第陆号商铺,神木
神木市药材公司第五十四分店,神木县铧山经济适用房商铺24号,神木
神木市药材公司第五十五分店,神木县新村步行街路东2号,神木
神木市药材公司第五十六分店,神木县东兴街与覆盖桥十字东南角,神木
神木市药材公司第五十七分店,神木县孙家岔镇孙家岔幼儿园门口,神木
神木市药材公司第五十八分店,神木县后坡路与麟州街十字杏花小区一楼,神木
神木市药材公司第五十九分店,神木县中鸡镇供销服务中心一楼,神木
神木市药材公司第六十分店,神木县大柳塔镇李家畔阳光小区A区A02-4号楼,神木
神木市药材公司第六十一分店,神木县铧山南区丽景南苑北门口,神木
神木市药材公司第六十二分店,神木县高家堡镇南街车站对面,神木
神木市药材公司第六十三分店,神木县大柳塔镇石圪台农村商业银行隔壁,神木
神木市药材公司第六十四分店,神木县精煤路上段宏昌幼儿园斜对面,神木
神木市药材公司第六十五分店,神木县滨河路与惠安路交汇盛苑商业一楼,神木
神木市药材公司第六十六分店,神木县幸福家园商铺33号,神木
神木市药材公司第六十七分店,神木县新村继业路神南华府小区30号商铺,神木
神木市药材公司第六十八分店,神木县新村塞上欣苑,神木
神木市药材公司第六十九分店,神木市大柳塔东岸明居商铺,神木
神木市药材公司第七十分店,神木县人民路南侧阳崖商住楼东,神木
神木市药材公司第七十一分店,神木县旧二中巷,神木
神木市药材公司第七十二分店,神木县惠安路上段刘明珠宝店对面,神木
神木市药材公司第七十三分店,神木市新村杨伙盘煤矿家属楼商铺5号,神木
神木市药材公司第七十四分店,神木市麻家塔乡四中路长青食品厂东侧,神木
神木市药材公司第七十五分店,神木市古城南路下段酿造小区一楼,神木
神木市药材公司第七十六分店,神木市水龙路北盈泰苑小区门口,神木
神木市药材公司第七十七分店,天峰对面,神木
神木市药材公司第七十八分店,开发公司中榆煤炭公司,神木
神木市健和医药有限公司,神木市惠民路东段北侧,神木
神木市恒康医药有限公司,神木市大保当镇,神木
神华神东电力医院,神木市东兴街中段,神木
神木市同济堂药品销售有限公司,神木市农科路东段南侧,神木
神木市同济堂药品销售公司北关分公司,神木市麟州街南段北关商住楼一楼,神木
神木市同济堂药品销售有限锦界分公司,神木市锦界高家堡镇小区小广场对面,神木
神木铭仁堂中医门诊部,神木市东关街河畔路十字东南30米,神木
神木百姓医院,神木市滨河路汽车站南侧200米,神木
神木高新医院,神木市东兴街永茂路十字,神木
神木旭永眼科医院,神木铧山路180号,神木
神木博仁医院,神木市大保当镇,神木
神木市麻家塔卫生院,铧西社区卫生服务站,神木
神木市麻家塔卫生院鸳鸯塔,社区卫生服务站,神木
神木市麻家塔卫生院新元,社区卫生计生服务站,神木
神木社区医院,神木市神木镇南大街1号,神木
神木开发医院,神木镇滨河路中段,神木
神木麟洲医院,神木市,神木
神木妇儿医院,神木市东兴街南驼峰路口,神木
神木社区医疗卫生服务中心,神木市东兴街南段,神木
神木市华康大药房,神木市店塔镇北站下石拉河村,神木
神木市济安堂医药有限公司,神木市店塔镇三岔路口轻工市场对面,神木
神木市益和医药有限公司,神木市大保当镇十字街100米,神木
神木市康鑫医药有限公司,神木市黄庄路53-4号,神木
神木市仁和堂医药有限公司,神木市人民路四完小附件,神木
神木市高林峰大药房,神木市锦界镇,神木
神木市麟济大药房,神木市店塔镇,神木
神木市众康医药有限公司,神木市大保当镇工商所1楼,神木
神木市广济大药房,神木市大保当镇,神木
神木市锦界老百姓大药店,神木市锦界水泥街三区,神木
神木县济民药店,神木市大柳塔镇前柳塔村,神木
神木市麻家塔卫生院,神木市神木镇西沙中路上段,神木
神木市大柳塔公安医院,神木市大柳塔镇,神木
神木市佳新医药有限公司,神木市新村墨金苑小区旁,神木
神木市佳新医药有限公司锦界分公司,神木市锦界镇一区锦鑫广告公司隔壁,神木
神木市嘉信医药有限公司锦界二分公司,神木市锦界小区长城街北第一小学向西100米,神木
神木市同心医药有限公司,神木市大柳塔镇北岳商城二楼,神木
神木市中医医院,神木市东兴街中段,神木
神木神府经济开发区医院,神木市锦界镇大区,神木
神木泰康医养结合医院,神木市滨河新区崇文路墨金苑,神木
神木县博康药店,神木县大柳塔镇前柳塔村,神木
神木市顺康大药房,神木市人民路与麟州街十字路,神木
神木市康仁医药有限公司,神木市西沙街七中对面,神木
神木市尔林兔镇康德医药有限公司,神木市尔林兔镇人民路56号,神木
神木市仁氏中仁堂医药有限公司,榆林市神木市卫校路,神木
神木市广惠堂医药有限公司,神木市黄庄路36号,神木
府谷县尚甫医院,府谷县府谷镇天化路颐佳华园,府谷
府谷县普仁诊所,府谷县建设路16号,府谷
府谷县德济堂医药有限公司,府谷县金信广场对面,府谷
府谷县德济堂医药有限公司二分店,府谷县颐佳华府东门,府谷
府谷县德济堂医药有限公司一分店,府谷县盐沟,府谷
府谷县德仁堂药业有限公司,府谷县府谷镇人民东路93号,府谷
府谷县德众药业有限公司,府谷县盐沟路,府谷
府谷县福康医药有限公司,府谷县三忻路111号,府谷
府谷县光明评价大药房有限公司,府谷县人民中路农机公司一楼,府谷
府谷县广慈医药有限公司,府谷县府谷镇三忻路19号,府谷
府谷县广济堂大药房有限责任公司,府谷县农业发展银行家属房一楼,府谷
府谷县济春园医药有限公司,府谷县河滨路79号,府谷
府谷县健康药业有限公司,府谷县氮肥厂春阳公司3号楼1层,府谷
府谷县康健大药房有限公司,府谷县人民西路原府州大厦1楼99号,府谷
府谷县康乐药业有限责任公司,府谷县二道街中段,府谷
府谷县康乐药业有限责任公司金三角大药房,府谷县金信广场负一层,府谷
府谷县老百姓大药房医药有限公司,府谷县大河沟综合楼一楼,府谷
府谷县乐康药业有限公司,府谷县人民西路赵石尧181号,府谷
府谷县宁和堂医药有限公司,府谷县粮站坡,府谷
府谷县普济医药有限公司,府谷县中医院巷,府谷
府谷县普济医药有限公司人民中路店,府谷县人民中路汽车站北门面房,府谷
府谷县秦晋医药有限公司,府谷县人民中路,府谷
府谷县仁和药店,府谷县人民西路聚英楼5号,府谷
府谷县荣和堂医药有限责任公司,府谷县天华路36号,府谷
府谷县三多堂医药有限公司,府谷县府中坡府中后大门旁,府谷
府谷县太和堂医药有限公司,府谷县林业大厦一楼,府谷
府谷县太和医药有限公司,府谷县前石畔购物中心一楼,府谷
府谷县同济药店,府谷县府谷镇人民东路81号,府谷
府谷县同乐药店,府谷县广电局一楼,府谷
府谷县同仁药店,府谷县果品市场一楼,府谷
府谷县同世药店,府谷县赵石尧天化路,府谷
府谷县卫生学校诊所,府谷县人民中路电影公司门面房,府谷
府谷县杏鹿药业有限公司,府谷县二道街县医院对面,府谷
府谷县杏鹿药业有限公司前石畔,集贸市场分公司,府谷
府谷县益生堂大药房有限公司,府谷县天化路新百盛源隔壁,府谷
府谷县元和堂医药有限责任公司,府谷县二道街兴茂嘉苑6号,府谷
府谷县跃进医药有限公司,府谷县神府大酒店一楼,府谷
府谷县长康医药有限公司,府谷县高石崖二村,府谷
府谷县长兴医药有限公司,府谷县人民东路121号,府谷
府谷县祝尔康医药有限公司,府谷县府谷镇电厂路,府谷
府谷县医院,府谷县,府谷
府谷县永和堂大药房有限公司,府谷县人民中路295,府谷
陕西济仁医药有限公司,府谷县人民东路93号,府谷
府谷县百益医药有限公司,府谷县高石崖二村同心路信用社对面,府谷
府谷县五鹿药材公司,府谷县高石崖,府谷
府谷县康福堂医药有限公司,府谷县府谷镇阳塔村一期,府谷
府谷县中医院,府谷县人民西路118号,府谷
府谷县仁心药业有限公司,府谷县经济适用房,府谷
广济堂府谷阳光店,府谷县河滨路山水阳光酒店一楼,府谷
广济堂府谷乐馨店,府谷县高石崖乐馨大厦一楼,府谷
榆林市新中森医药有限公司府谷县,第三分公司,府谷
府谷电力医院,府谷县府谷镇人民中路52号,府谷
府谷县创伤医院,府谷县人民西路,府谷
府谷天化医院,府谷县府谷镇高家湾村,府谷
府谷天化医院便民医药有限公司,府谷县高家湾村天化医院内西侧,府谷
府谷县府州国医堂医药有限责任公司,府谷县人民中路兴茂嘉苑5号楼1-4层,府谷
府谷县百顺药业有限责任公司,府谷新区黄河西路,府谷
府谷县复兴医药有限责任公司,府谷县府谷镇颐佳华府小区7-4商铺,府谷
府谷县府谷镇卫生院张家畔分院,府谷县新区,府谷
榆林市横山区康复医院,榆林经济开发区曹海则,横山
榆林市横山区高新医院,榆林市开发区曹海则路口,横山
横山区怀远医院,横山区西沙常熟路,横山
横山区南大街社区卫生服务中心,横山区南大街,横山
横山区健隆大药房,横山区南大街农贸市场对面,横山
横山区康隆大药堂南大街分公司,横山区南大街新华书店斜对面,横山
横山区康隆大药堂北大街分公司,横山区北大街县医药对面,横山
横山区康隆大药堂西沙分公司,横山区西沙转盘旁,横山
横山区康隆大药堂有限责任公司,横山区北大街烟草公司一楼,横山
横山区邦泰大药房,横山区解放西路,横山
横山区康华国药堂医药有限公司,横山区苏庄则苏胜路18号,横山
横山区速康大药房有限责任公司,横山区北大街县医院对面,横山
横山区长春堂大药房,横山区北大街车队巷口门面,横山
横山区华康大药堂有限责任公司,横山区响水镇本街,横山
横山区康复大药房,横山区北大街,横山
横山区新兴大药房,横山区解放路中段,横山
横山区众康大药房,横山区职教中心南侧怡园小区门面房,横山
横山区惠民大药房,横山区西沙转盘50米处,横山
横山区平价大药房,横山区北大街27号,横山
横山区光明大药房,横山区南大街县委门口左侧,横山
横山区康泰大药房,横山区城北大街,横山
横山区百信大药房有限责任公司,横山区南大街,横山
横山区助残大药房,横山区仓库湾路口,横山
横山区大众药房,横山区二街中医院旁公路段楼下,横山
横山区吉鑫大药堂,横山区南大街建园西路,横山
横山区保济堂大药房,横山区检察院巷口,横山
横山区德和堂药店,横山区环城路自来水公司楼下,横山
横山区医院,横山区北大街,横山
横山康源医院,榆横工业园区白界乡北梁村,横山
横山县济生堂大药房,横山县环城路榆横国际酒店一楼,横山
横山区南大街社区大药房,横山区怀远西路,横山
广济堂横山世纪星苑店,陕西省榆林市横山县梁家湾村鑫达东路,横山
广济堂横山南大街店,陕西省榆林市横山区南大街东街面,横山
横山区惠康大药房,横山区苏庄则新区苏榆路,横山
横山区百信医院,横山区南大街汽车站向南50米,横山
榆林市横山区中医院,横山区南二街,横山
横山区爱民堂大药房有限公司,横山区苏庄则村113号,横山
广济堂紫陌园店,横山区紫陌园小区南门大街22号,横山
广济堂横山御济堂店,横山区紫瑞花园小区5号楼商铺2室,横山
广济堂白界连锁店,横山区白界镇凤仪华庭商住小区,横山
横山区绿源社区卫生服务站,横山区迎宾路93号,横山
横山圣康医院,横山区白界镇苏庄则村,横山
横山区社区大药房,横山区人民中路,横山
横山区红十字会医院,横山区横山街道办张家洼村,横山
苏榆路社区卫生服务站,榆林市横山区苏庄则紫陌园小区28号楼商铺,横山
榆林润泽医药有限公司,榆林市开发区能源路阎庄则小区12排,横山
横山区太和堂医药有限公司,横山区西沙街,横山
榆林市恒泰兴业医药科技有限公司,横山分公司,横山
靖边县中医医院,靖边县,靖边
靖边县益康医院,靖边县北大街,靖边
靖边县现代妇产医院,靖边县人民路中段,靖边
靖边县启慧口腔医院,靖边县长城路南段,靖边
靖边县泌尿专科医院,靖边县新车站,靖边
靖边县颈肩腰腿痛医院,靖边县统万路与长庆路十字东南角,靖边
靖边博爱医院,靖边县统万路中段,靖边
靖边聚仁医院,靖边县长庆路与人民路十字路口,靖边
靖边县国药堂医药有限公司,统万路分公司,靖边
靖边县国药堂医药有限公司,北大街分公司,靖边
靖边县国药堂医药有限公司,河东分公司,靖边
靖边县国药堂医药有限公司,靖边县东大街粮站门口,靖边
靖边县泽民医药有限公司,靖边县南大街南关市场南侧88号,靖边
靖边县普济药店,靖边县芦河路南85号,靖边
靖边县阳光佰康医药有限公司,靖边县新区阳光家园东大门口,靖边
靖边县阳光佰康医药有限公司,阳光大药房,靖边
靖边县益康药店,靖边县北大街民政局门面77号,靖边
靖边县百益医药有限公司,靖边县东关建材市场大门284号,靖边
靖边县同仁药店,靖边县南关东街155号,靖边
靖边县回春大药房,靖边县北新街城关派出所巷口,靖边
靖边县瑞和药店,靖边县河东街榆炼大酒店对面,靖边
靖边县博信医药有限公司,靖边县人民路长安银行东侧,靖边
靖边县博康大药房有限公司,靖边县长城路紫薇花园3幢门面楼105室,靖边
靖边县博康大药房有限公司,第七分店,靖边
靖边县博康大药房有限公司,第六分店,靖边
靖边县博康大药房有限公司,第五分店,靖边
靖边县博康大药房有限公司,第四分店,靖边
靖边县博康大药房有限公司,第三分店,靖边
靖边县博康大药房有限公司,第二分店,靖边
靖边县保和堂大药房,靖边县河东南关东街55号,靖边
靖边县博康大药房有限公司,第一分店,靖边
靖边县同心源医药有限公司,靖边县河东地道战楼下,靖边
靖边县建武博爱药店,靖边县民生路阳光家园北门东,靖边
靖边县同济堂医药有限公司,靖边县西新街19号,靖边
靖边县同济堂医药有限公司三分店,靖边县统万路83号,靖边
靖边县同济堂医药有限公司四分店,靖边县河东南关中街160号,靖边
靖边县同济堂医药有限公司五分店,靖边县长城路百福宁小区门口南侧,靖边
靖边县同济堂医药有限公司六分店,靖边县北大街与利民街东南角一楼门面,靖边
靖边县同济堂医药有限公司八分店,靖边县南大街53号,靖边
靖边县同济堂医药有限公司九分店,靖边县龙山路西段巡警大队楼下,靖边
靖边县同济堂医药有限公司十分店,靖边县统万路九小东第三家,靖边
靖边县同济堂医药有限公司十一分店,靖边县统万路86号,靖边
靖边县同济堂医药有限公司十二分店,靖边县河东种子公司东侧,靖边
靖边县同济堂医药有限公司十三分店,靖边县清华路164号,靖边
靖边县李向飞医药超市,靖边县梁镇中街,靖边
靖边县养生堂药店,靖边县统万路尚德街2号,靖边
靖边县向军大药房,靖边县南关东街31号,靖边
靖边县双家湾仁和药店,靖边县北郊朝阳小学向西10米,靖边
靖边县祥瑞堂大药房,靖边县民生路中段,靖边
靖边县同和堂药店,靖边县北大街,靖边
靖边县阳光佰康医药有限公司,红枫苑阳光大药房,靖边
靖边县廣仁堂医药有限公司,靖边县天赐路新汽车站对面烨金酒店一楼,靖边
靖边县天诚医药有限公司,靖边县芦河路29号,靖边
靖边县民生药店,靖边县西新街防疫站斜对面,靖边
靖边县德仁堂大药房,靖边县长庆路北段紫薇花园商1-103,靖边
靖边县百姓药店,靖边县东环路农贸市场门口89号,靖边
靖边县永康药店,靖边县河东康隆加油站东20米,靖边
靖边县益仁堂药房,靖边县北郊中国石化加油站正对面,靖边
靖边县明康医药有限公司,靖边县张家畔镇龙山路中段亲情苑楼下8号,靖边
靖边县博康大药房有限公司第九分店,靖边县张家畔镇阳光家园156-A2-02号,靖边
靖边县博康大药房有限公司第八分店,靖边县长庆路王家庙市场对面,靖边
靖边县博康大药房有限公司第十分店,靖边县难关东街北68米张耀光房屋,靖边
靖边县同济大药房,靖边县林荫路同济大药房,靖边
靖边县新华药店,靖边县东环路夏都宾馆南巷,靖边
靖边县利康药店,靖边县北大街林业局对面,靖边
靖边县东芝堂医药有限公司,靖边县寨山村三岔口风祥加油站北第一户,靖边
靖边县益丰药房,靖边县林荫路中段贺军羊杂碎馆北30米,靖边
靖边县国泰大药房,靖边县河东制管厂对面,靖边
靖边县宝康药房,靖边县民生路西段阳光家园北39号商铺,靖边
靖边县泰康药店,靖边县东环路佳佳超市隔壁北100米,靖边
靖边县吉祥药店,靖边县河东团结路路口李世龙房,靖边
靖边县健民大药房,靖边县新西街18号,靖边
靖边县德昌祥药店,靖边县林荫路中段二粮站楼下,靖边
榆林市靖边县天安堂药房,靖边县寨山三岔路口南50米天安堂药店,靖边
靖边县同和堂药店北大街店,靖边县北大街老车站对面,靖边
靖边县益寿堂药店,靖边县东大街,靖边
靖边县品正医药有限公司,靖边县西新街9号,靖边
靖边县品正医药有限公司芦河路分公司,靖边县芦河路北52号,靖边
靖边县药博士医药有限公司,靖边县阳光家园东门口,靖边
靖边县国医堂大药房,靖边县河东农业局东侧门面房2号,靖边
靖边县妙济堂大药房,靖边县长庆路北7号,靖边
榆林广济堂靖边南大街店,靖边县南大街双虎家私对面,靖边
榆林广济堂靖边怡心堂店,靖边县东环路建华大厦斜对面,靖边
广济堂靖边光明店,靖边县北大街四中对面,靖边
靖边县星星药店,靖边县长庆路北段46号,靖边
靖边县祥源医药有限公司,靖边县张家畔镇东大街130号,靖边
靖边县康佳药店,靖边县河东3岔路口,靖边
靖边县宝芝林药房,靖边县红枫苑西区商铺四号,靖边
靖边县县医院,靖边县,靖边
陕西汇食众源医药有限公司,靖边县统万路县政府对面,靖边
靖边县宁条梁镇中心卫生院,靖边县宁条梁镇中街,靖边
靖边县妇幼保健院,靖边县新东街38号,靖边
靖边县张家畔镇卫生院,靖边县张家畔镇,靖边
广济堂靖边崇文店,靖边县河东玉家坬子路崇文巷40号,靖边
广济堂靖边北大街店,靖边县张家畔北郊加油站对面,靖边
广济堂靖边康福店,靖边县东关街116号,靖边
靖边县永安医院,靖边县东坑镇,靖边
靖边县北街药店,靖边县统万路县政府对面,靖边
靖边县瑞祥和药店,靖边县利民街延伸段48号,靖边
靖边县益宁医药有限公司,靖边县天赐中段车站口斜对面,靖边
靖边县继寿堂医药有限公司,靖边县长庆路北9号,靖边
靖边县常春堂医药有限公司,靖边县统万路中段,靖边
靖边县靖康医药有限公司,靖边县龙山路佳境名座商铺107,靖边
靖边县德柏康医药有限公司,靖边县北大街老财政局对面东100米处,靖边
靖边县诚信医药有限公司,靖边县难关东街124号,靖边
靖边县盛和堂医药有限公司,靖边县北新街36号,靖边
靖边县永济堂药店,靖边县统万路北侧138号,靖边
靖边县利佑康医药有限公司,靖边县南关东街34号,靖边
靖边县仁心堂医药有限公司,靖边县康隆巷23号,靖边
靖边县平价医药有限公司,靖边县党校巷东2号,靖边
靖边县顺仁堂大药房,靖边县芦河路南 吉的堡幼儿园向南70米,靖边
靖边县益生堂医药有限公司,靖边县清华路60号,靖边
定边县妇幼保健院,定边县西环路,定边
定边县中医院,定边县西环路明珠路南100米,定边
定边县精神病专科医院,定边县北门精神病专科医院,定边
定边县同仁大药房,定边县南大街同仁大药房,定边
定边县同济药店,定边县鼓楼北大街二街十字路口,定边
定边县德仁堂大药房,定边县北关路132号,定边
定边县博康医药有限公司,定边县献忠路兴源西面A座门口,定边
定边县永康大药房有限公司,定边县西环路锦园小区门口12号,定边
定边县宝芝林大药房,定边县二道西街38号,定边
定边县秉智医药有限责任公司,定边县长城北街28号,定边
定边县仁心堂大药房,定边县长城北街24号,定边
定边县普济大药房,定边县东正街浩源楼下,定边
定边县广济大药房医药有限公司,定边县古楼南街93号,定边
定边县广济东园子大药房医药有限公司,定边县东园子豪庭楼下,定边
定边县济民医药有限公司济民大药房,定边县定边镇新区自强路90号,定边
定边县方怡大药房,定边县长城南街392号,定边
定边县百姓大药房,定边县定边镇长城南街235号,定边
定边县康寿大药房,定边县,定边
定边县益康大药房,定边县南大街,定边
定边县济安堂医药有限公司,定边县定边镇新区献忠路,定边
定边县仁和堂大药房,定边县定边镇西正街6号,定边
定边县居林医药有限公司居林药品超市,定边县长城南街214号,定边
定边县居林医药有限公司,定边县长城北街139号,定边
定边县居林医药有限公司万民大药房,定边县定边镇兴源路兴源西区A座1号房门面,定边
定边县老百姓大药房,定边县定边镇东正街125号,定边
定边县新百姓乐药品超市,定边县定边镇长城南街（家乐北侧）,定边
定边县顺百姓乐药品超市,定边县定边镇东园子村101号,定边
定边县兴百姓乐药品超市医药有限公司,定边县定边镇新区明珠西路南新苑小区门面房,定边
定边县好百姓乐大药房,定边县定边镇东正街55号,定边
定边县正大新特药店,定边县定边镇长城南街61号,定边
定边县正大新特药店,定边县定边镇新区南大街,定边
定边同仁大药店,定边县南大街,定边
定边县民康大药房,定边县长城南街157号,定边
定边县博爱医药有限公司,定边县二道西街109号,定边
定边县博爱医药有限公司英华路店,定边县英华路新安小区对面,定边
定边县博爱医药有限公司向阳店,定边县二道西街向阳小学隔壁,定边
定边县博爱医药有限公司福瑞康店,定边县乐园子旧食品公司对面,定边
定边县博爱医药有限公司自强店,定边县新区移动公司隔壁,定边
定边县医院,定边县,定边
定边县百令大药房,定边县献忠路,定边
定边县爱心药店,定边县北关路,定边
定边县利康大药房,定边县西正街老三中旁,定边
定边县光明大药房,定边县长城街林业局楼下,定边
定边县益生堂药店,定边县人民路3号,定边
定边县益民大药房,定边县北大街72号,定边
定边县復元堂医药保健有限责任公司,定边县新区自强路22号,定边
定边县仕卫大药房,定边县长城北街190号,定边
定边县安边镇济生药店,定边县安边镇西关,定边
定边县康之轩大药房,定边县明珠花园北大门,定边
定边县仁爱药店,定边县西正街143号,定边
定边县舒康大药房,定边县二道西街,定边
定边县天泰大药房有限公司,定边县定边镇新区人民西路（智诚盛景小区）,定边
定边口腔医院,定边县南大街中段,定边
定边福泰医院,定边县鼓楼南大街财政局对面,定边
定边县长泰便民药店,定边县定边镇银湖路（财政局家属院）,定边
定边县藻露堂药业有限公司,定边县长城北街星河大厦楼下,定边
定边县协和医院,定边县定边镇长城南路,定边
定边县红十字仁爱医院,定边县贺圈梁郑圈村,定边
定边县恒康医药有限责任工资,定边县新区明珠花园南大门,定边
陕西博爱大众医药有限公司自强路店,榆林市定边县新飞自强路,定边
定边县博爱医药有限公司兴源店,定边县自强路与献中路十字路口,定边
定边县百医林药品超市,定边县新区兴源南区东大门南北段8号1楼,定边
定边县仁康医药有限公司,定边县新区自立路崇文雅苑门面房,定边
定边县保康药房,定边县英华西路智慧树幼儿园旁,定边
定边县老干部医院,定边县长城南街103号,定边
定边县安边镇中心卫生院,定边县安边镇西街,定边
定边县妇幼保健院,定边县西环路,定边
定边县旺百姓乐医药有限公司,定边县定边镇二道东街粮站对面,定边
定边县妙春堂医药有限公司,定边县定边镇英华路,定边
陕西宏济堂药品器械有限公司,定边县定边镇民生路民生花园门口,定边
定边县惠百姓乐药品超市医药有限公司,定边县定边镇北关路44号,定边
定边县康爱大药房,定边县二道街东街25号,定边
定边县博爱医药有限公司锦绣店,定边县长城南街9号,定边
定边县博爱医药有限公司天裕店,定边县西环路建材市场3号楼1号商户,定边
定边县博爱医药有限公司集镇店,定边县贺圈梁红柳河路口东,定边
定边县博爱医药有限公司南关店,定边县南关路与自强路十字路口西南角,定边
定边县博爱医药有限公司西正街店,定边县定边镇西亚街15号,定边
定边县汉瑞德医药有限公司,定边县定边镇新区（高尔夫小区西）,定边
陕西益康医药有限公司,定边县定边镇新区献中路景宜小区门面房,定边
定边县美康大药房,定边县定边镇长城南街214号,定边
定边县彭川大药房,定边县新华南街西关小学对面,定边
定边县汉瑞德医药有限公司,定边县定边镇新区（高尔夫小区西）,定边
定边县济康大药房,定边县定边镇东园子顺达路,定边
定边县众民大药房有限公司,定边县定边镇二道街9号,定边
绥德县中医医院,绥德县永乐路78号,绥德
绥德县医院,绥德县文化路281号,绥德
绥德县精神康复医院,绥德县辛店乡裴家峁朝阳路46号,绥德
绥德县同心医院,绥德县千狮路197号,绥德
榆林市绥德县天安堂医药有限公司,绥德县文化路,绥德
榆林市绥德县永安堂医药有限公司,绥德县文化路,绥德
绥德县药材公司第三门市,绥德县文化路134号,绥德
绥德县药材公司第十四门市,绥德县北门街37号,绥德
绥德县康华医药有限责任公司,绥德县名州镇文化路120号,绥德
绥德县广药堂医药有限公司,绥德县千狮桥西端南侧,绥德
绥德县福宁大药房有限责任公司,绥德县南关桥头,绥德
绥德县九龙大药房有限公司,绥德县一中体育场对面247号,绥德
绥德县康辉医药有限公司,绥德县名洲窑洞小区门口,绥德
绥德县同仁大药房有限公司,绥德县薛家畔307国道旁,绥德
绥德县大道药业有限公司,绥德县三十米大道名苑小区楼底2-3号门市,绥德
绥德县天正大药房,绥德县北门街65号,绥德
绥德县名洲大药房有限公司,绥德县文化路104号,绥德
绥德县康泰大药房有限公司,绥德县镇定北街32号,绥德
绥德县喜民心药堂有限公司,绥德县文化路259号,绥德
绥德县永康药品有限责任公司,绥德县东门滩幸福时光家园综合楼24号,绥德
绥德县国悦药业有限公司,绥德县名洲镇联丰百货负一楼,绥德
绥德县吉安堂大药房有限公司,绥德县三十米大道名州镇商住一楼门市,绥德
绥德县健康人大药房有限公司,绥德县文化路粮食局门面房,绥德
绥德县众康药房有限公司,绥德县千狮路29号,绥德
绥德县永乐医药有限公司,绥德县千狮路交警大队斜对面,绥德
绥德县诚信大药房有限公司,绥德县名州镇西山路,绥德
绥德县服准康大药房有限公司,绥德县名州镇文化路,绥德
绥德县民生大药房有限公司,绥德县宏盛商住楼一楼10号,绥德
绥德县康乐医药有限公司,绥德县永乐大道中段,绥德
绥德县众鑫大药房有限公司,绥德县龙湾聚宝楼5-6号门市,绥德
绥德县济世堂大药房有限公司,绥德县延绥大楼一楼,绥德
绥德县药材公司第八门市,绥德县北门街24号,绥德
绥德县药材公司第六门市,绥德县名州镇文化路112号,绥德
绥德县药材公司第七门市,绥德县名州路20号,绥德
绥德县利民大药房有限公司,绥德县镇定北街,绥德
绥德县药材公司第九门市,绥德县千狮路81号,绥德
绥德县康宁大药房,绥德县张家砭绥德中学门口,绥德
绥德县妙春堂大药房,绥德县永乐大道公安局家属楼一楼门市,绥德
绥德县药材公司第十二门市,绥德县千狮路13号,绥德
绥德县天顺药堂医药有限责任公司,绥德县三十米大道中段,绥德
绥德县康和医药有限公司,绥德县金阳光小区6号楼门市,绥德
榆林市康德医药有限责任公司,榆林市绥德县博悦府1号楼4单元1-2号,绥德
绥德县药材公司一门市,绥德县南街5号,绥德
绥德县福康医药有限公司,绥德县五里湾村,绥德
绥德县宝芝堂大药房有限公司,绥德县华林摩尔城一楼,绥德
绥德县百姓医药有限公司,绥德县名洲镇文化路,绥德
陕西名洲医药有限公司,绥德县千狮路枫林苑8-10号,绥德
榆林市同和堂医药有限公司,绥德县阳光小区4号楼商业第一层3-4号,绥德
绥德县城东大药房有限公司,绥德县名州镇辛店村福利厂家属楼门市,绥德
绥德县同信大药房有限公司,绥德县名州镇正定北街电影发行公司7号门市,绥德
绥德县鑫生源药业有限公司,绥德县西城大厦一层,绥德
绥德县和谐医院,绥德县龙湾龙泉路181号,绥德
绥德县天佑康医药有限公司,绥德县金阳光小区6号楼C-12号,绥德
绥德县健民堂药业有限公司,绥德县名州镇乌烟泉村中通道,绥德
绥德县仁合堂医药有限公司,绥德县名州镇雕阴桥军民路西侧104号,绥德
绥德县康源医药有限公司,绥德县金阳光小区10号楼3号门市,绥德
绥德县紫荆大药房有限公司,绥德县紫荆花园3号楼104号,绥德
米脂县医院,米脂县,米脂
米脂县中医院,米脂县清新路（新二中对面）,米脂
米脂县新康医院,米脂县银州西路1号,米脂
米脂县银城社区医疗卫生服务站,米脂县银西路,米脂
米脂县银城社区第一医疗卫生服务站,米脂县银北路10号,米脂
米脂县银新社区第二医疗卫生服务站,米脂县盘龙南路,米脂
米脂县博华医药有限公司,米脂县银州北路164号,米脂
米脂县光明大药房,米脂县九龙桥东侧,米脂
米脂县九龙堂大药房银北路分店,米脂县银州镇银州北路106号,米脂
米脂县银新医药有限公司,米脂县水岸府御1号楼2单元,米脂
陕西省药材公司米脂县公司,第四零售门市部,米脂
陕西省药材公司米脂县公司第二零售门市部,米脂县银州北路6号,米脂
陕西榆林米脂县药材公司第五零售门市部,米脂县治黄西路久福园商住一层,米脂
陕西省药材公司米脂县公司第三零售门市部,米脂县药材公司,米脂
米脂县银州镇康泰大药房,米脂县银州镇银北路,米脂
米脂县三爱药品超市,米脂县治黄东路三爱药品超市,米脂
米脂县百姓大药房,米脂县广电巷口,米脂
米脂县银南大药房,米脂县银南路银南大厦6号,米脂
米脂县仁和堂大药房,米脂县城市花园104号,米脂
米脂县德信药店,米脂县银河高城,米脂
米脂县古银州大药房有限责任公司,米脂县青年路城市花园二区,米脂
陕西省药材公司米脂县公司第一门市,米脂县银河东路10号,米脂
米脂县盘龙大药房,米脂县盘龙南路,米脂
榆林广济堂米脂银州店,米脂县治黄西路,米脂
米脂县妙仁大药房,米脂县人民路十字西南,米脂
榆林市同济堂医药科技有限公司银北路分公司,米脂县青年路十字,米脂
榆林市同济堂医药科技有限公司东街分公司,米脂县银河东路银河商城,米脂
榆林市同济堂医药科技有限公司滨河分公司,米脂县滨河小区,米脂
米脂县便民大药房,米脂县银河东路,米脂
米脂县厚德九龙堂大药房,米脂县银州南路建工巷37号,米脂
广济堂米脂银州南路店,米脂县银南路武装部正对面第一门市,米脂
广济堂米脂治黄西路店,米脂县治黄西路清心小区姜纯军,米脂
米脂县清心大药房,米脂县清心小区116号117号,米脂
榆林市同心医药连锁有限公司米脂银州中路店,榆林市米脂县银州中路富泰北侧,米脂
米脂中医康复医院,米脂县翔凤路1号（汽车站）,米脂
佳县佳芦镇香炉寺社区卫生室,佳县新城西区,佳县
佳县佳芦镇人民路社区第二卫生室,佳县佳芦镇人民北路,佳县
佳县仁和大药房有限责任公司,佳县佳芦镇韩家巷,佳县
佳县医药药材有限公司一门市,佳县佳芦镇中街,佳县
佳县医药药材有限公司二门市,佳县佳芦镇中街,佳县
佳县医药药材有限公司三门市,佳县佳芦镇西街,佳县
佳县新药店有限责任公司,佳县人民路佳苑商住楼,佳县
佳县人民医院,佳县,佳县
佳县红十字会医院,佳县佳芦镇北街,佳县
佳县佳芦镇人民路社区卫生室,佳县影剧院中天大厦,佳县
佳县佳州街道办事处任家巷,号,佳县
吴堡县医院,吴堡县,吴堡
陕西省药材公司吴堡县公司,吴堡县宋新川镇新建街85号,吴堡
吴堡同仁卫生所,吴堡县宋家川镇新建街102号,吴堡
广济堂吴堡惠民店,吴堡县孙家川镇建材路惠民小区,吴堡
吴堡同仁医院,吴堡县宋家川镇黄河桥头,吴堡
吴堡高新医院,吴堡县,吴堡
吴堡县广慈堂医药有限公司,吴堡县物资局商住楼,吴堡
子洲县中医院,子洲县,子洲
子洲县康复大药房,子洲县双湖峪镇一道中街21号,子洲
子洲县康健大药房,子洲县一道街农副公司大门口,子洲
子洲县城关康复大药房,子洲县双镇街人民街298号,子洲
子洲县和济堂大药房,子洲县,子洲
子洲县医院,子洲县,子洲
子洲县安泰大药房,子洲县一道街64号,子洲
子洲县家家康大药房,子洲县双湖路300号,子洲
子洲县瑞安医药有限公司,子洲县东街152号,子洲
子洲县桃园医药有限公司东郊分公司,子洲县东关戴尔农业局住宅小区,子洲
子洲县桃园医药有限公司,子洲县万家乐超市对面,子洲
子洲县广济堂人仁医药有限公司,子洲县双湖峪镇双湖街205号,子洲
榆林市天益仁医药有限公司,子洲县双湖峪镇运输公司一楼59号,子洲
子洲县宝芝堂大药房有限公司,子洲县六号路新华酒店一楼,子洲
子洲县宝芝堂大药房有限公司安全路店,子洲县安全路,子洲
子洲县兴盛大药房,子洲县计生指导站门前,子洲
